"Carimbo de data/hora","Grau","Ano de início pós-graduação cursando atualmente","Setor","Ano conclusão graduação","Local da graduação","Participou de programa na graduação?","Ano início mestrado (apenas doutorandos)","Ano conclusão mestrado (apenas doutorandos)","Local mestrado (somente se já concluído)","Número de artigos publicados (com qualis)","Você é bolsista remunerado de algum programa?","Cursou disciplina de estatística na graduação?","Cursou disciplina de estatística na pós-graduação?","Já utilizou algum software estatístico? Qual? (se mais de um separar por ponto-e-vírgula ","Vai utilizar métodos estatísticos na sua PG","Importância que atribui à estatística no seu trabalho de PG","Trabalha?","Sexo","Número de irmãos","Origem","Você mora","Seu meio de transporte predominante para ir para Universidade","Possui habilitação para dirigir? Qual categoria?","Qual a sua altura?","Qual o seu peso?","Possui animal de estimação?","Toca algum instrumento musical?","Qual o dia do seu nascimento?","De quais redes sociais você participa?"
"2018/03/20 9:06:06 AM GMT-3","Mestrado","2016","Ciências Biológiccas","2014","UFPR","Iniciação científica","2014","2016","UFPR","2","CAPES","Sim","Não","Graphpad","Sim, certamente","10","Não","Masculino","2","De outro Estado","Sozinho","Transporte público","A","180","70","Não","Não","1988-10-28","Facebook"
"2018/03/20 9:06:19 AM GMT-3","Mestrado","2016","Saúde","2011","Up","","","","","0","CAPES","Não","Sim","Spss","Sim, certamente","10","Não","Feminino","1","Curitiba ou região metropolitana","Com os pais","Carro/moto próprio","A","164","57","Sim","Não","1989-10-16","Facebook;Instagram"
"2018/03/20 9:06:45 AM GMT-3","Mestrado","2017","Agrárias","2011","UFPR","Iniciação científica;Bolsista de (algum outro) projeto","","","","1","CAPES","Sim","Sim","SPSS, AMOS","Sim, certamente","9","Não","Feminino","2","Do interior do Paraná","Com o namorado(a)/noivo(a)/cônjuge","A pé ou bicicleta","B","167","59","Sim","Não","1988-04-25","Instagram;Linkedin"
"2018/03/20 9:06:49 AM GMT-3","Doutorado","2017","Exatas","2014","UFPR","Iniciação científica","2014","2016","UFPR","1","CAPES","Sim","Não","Não","Sim, certamente","8","Não","Feminino","2","Do interior do Paraná","Com amigos","A pé ou bicicleta","Não","154","51","Não","Não","1990-10-29","Facebook;Google+;Instagram;Linkedin"
"2018/03/20 9:07:09 AM GMT-3","Doutorado","2018","Ciências Biológiccas","2014","Universidade Estadual do Oeste do Paraná","Iniciação científica","2015","2017","UFPR","2","CNPQ","Sim","Sim","R","Sim, certamente","10","Não","Feminino","2","Do interior do Paraná","Com amigos","Carro/moto próprio","AB","157","43","Sim","Não","1991-04-14","Facebook;Instagram"
"2018/03/20 9:07:09 AM GMT-3","Doutorado","3","Ciências Biológiccas","2013","Univap","Iniciação científica","2013","2015","UFPR","2","CAPES","Não","Sim","R","Sim, certamente","6","Não","Masculino","4","De outro Estado","Sozinho","A pé ou bicicleta","B","163","64","Sim","Não","2018-06-29","Facebook;Instagram;Linkedin"
"2018/03/20 9:07:38 AM GMT-3","Doutorado","2017","Saúde","2014","UFPB","Iniciação científica;Bolsista de (algum outro) projeto","2015","2016","UFPR","12","CAPES","Sim","Sim","SPSS; statistica","Sim, certamente","8","Não","Masculino","2","De outro Estado","Sozinho","A pé ou bicicleta","A","175","80","Não","violão","1991-05-22","Facebook"
"2018/03/20 9:08:20 AM GMT-3","Doutorado","2016","Agrárias","2009","Ufra Belém ","Bolsista de (algum outro) projeto","2013","2015","Ufra Belém ","1","CNPQ","Sim","Sim","SPSS","Não sabe ainda","9","Não","Masculino","2","De outro Estado","Com amigos","Carro/moto próprio","B","183","80","Não","Não","1986-01-17","Facebook;Twitter;Google+;Instagram;Linkedin;Outras"
"2018/03/20 9:08:25 AM GMT-3","Doutorado","2018","Ciências da Terra","2010","Instituto Militar de Engenharia (IME)","Iniciação científica","2016","2017","UFPR","2","Não","Sim","Não","Sim. R.","Sim, certamente","8","Sim","Masculino","0","De outro Estado","Com o namorado(a)/noivo(a)/cônjuge","Carro/moto próprio","B","175","90","Sim","Não","1987-11-27","Facebook;Twitter;Instagram;Linkedin"
"2018/03/20 9:08:27 AM GMT-3","Doutorado","2017","Tecnologia","2006","UFPR","Iniciação científica","2010","2012","UFPR","5","Não","Não","Não","Nenhum","Não sabe ainda","9","Sim","Masculino","1","De outro Estado","Com o namorado(a)/noivo(a)/cônjuge","Carro/moto próprio","AB","160","69","Sim","Não","1982-01-15","Facebook;Instagram"
"2018/03/20 9:08:47 AM GMT-3","Mestrado","2018","Agrárias","2011","UFPR","Iniciação científica;Bolsista de (algum outro) projeto","2011","2013","UFPR","3","Não","Sim","Sim","Statistica","Sim, certamente","10","Sim","Feminino","2","Curitiba ou região metropolitana","Com outros familiares","Transporte público","B","163","84","Sim","Não","1984-05-14","Facebook;Linkedin"
"2018/03/20 9:08:54 AM GMT-3","Doutorado","2017","Agrárias","2021","UFPR","Iniciação científica","2015","2016","UFPR","0","CAPES","Sim","Sim","statistica; assistat; R","Sim, certamente","10","Não","Feminino","1","Curitiba ou região metropolitana","Com os pais","Carro/moto próprio","B","160","68","Sim","Não","1992-07-18","Facebook;Instagram;Linkedin"
"2018/03/20 9:09:07 AM GMT-3","Mestrado","2016","Educação Profissional e Tecnológica","2015","UFPR","","","","","0","Não","Sim","Não","R","Sim, certamente","8","Sim","Feminino","2","Do interior do Paraná","Com os pais","Carro/moto próprio","AB","175","63","Sim","Não","1992-11-09","Facebook;Linkedin"
"2018/03/20 9:09:12 AM GMT-3","Doutorado","2017","Humanas","1991","UFRJ","","2015","2017","UFPR","3","Não","Não","Não","SPSS","Sim, certamente","10","Sim","Feminino","1","Curitiba ou região metropolitana","Sozinho","Carro/moto próprio","B","161","85","Sim","Não","1968-04-05","Facebook;Twitter;Google+;Instagram;Linkedin;Outras"
"2018/03/20 9:09:14 AM GMT-3","Doutorado","2015","Tecnologia","2011","UTFPR","","2012","2014","UFPR","0","CAPES","Sim","Não","Não","Sim, certamente","9","Não","Feminino","0","Curitiba ou região metropolitana","Com os pais","Transporte público","B","167","80","Não","Teclado e Órgão Eletrônico","1989-11-14","Facebook;Twitter;Instagram;Linkedin"
"2018/03/20 9:09:18 AM GMT-3","Doutorado","2018","Ciências Biológiccas","2013","PUC-PR","Iniciação científica;Bolsista de (algum outro) projeto","2015","2017","UFPR","1","Não","Sim","Sim","GraphPad; Assistat; Statistica","Sim, certamente","10","Não","Feminino","0","Curitiba ou região metropolitana","Com os pais","Carro/moto próprio","B","162","62","Sim","Violão; piano","1991-06-07","Facebook;Instagram;Linkedin;Outras"
"2018/03/20 9:09:30 AM GMT-3","Mestrado","2017","Tecnologia","2004","UTFPR","","","","","1","Não","Sim","Não","Não","Sim, certamente","8","Sim","Feminino","1","Curitiba ou região metropolitana","Com outros familiares","Carro/moto próprio","A","158","54","Sim","Piano","1982-04-15","Facebook;Linkedin"
"2018/03/20 9:09:47 AM GMT-3","Doutorado","2015","Ciências da Terra","2009","UTFPR pato Branco","","2012","2015","UFPR","2","CAPES","Não","Não","R","Sim, certamente","10","Não","Feminino","2","Do interior do Paraná","Com o namorado(a)/noivo(a)/cônjuge","Transporte público","A","162","68","Não","Não","1988-12-12","Google+;Outras"
"2018/03/20 9:09:48 AM GMT-3","Doutorado","2018","Ciências Biológiccas","2009","UEPG","Bolsista de (algum outro) projeto","2015","2016","UFPR","1","Não","Não","Não","SPSS","Sim, certamente","10","Sim","Masculino","0","De outro Estado","Com o namorado(a)/noivo(a)/cônjuge","Carro/moto próprio","AB","173","87","Não","Não","1987-04-28",""
"2018/03/20 9:09:50 AM GMT-3","Mestrado","2017","Saúde","2019","UFPR","Bolsista de (algum outro) projeto","","","","0","CAPES","Não","Não","nao","Sim, certamente","9","Não","Feminino","1","De outro Estado","Sozinho","Carro/moto próprio","A","166","58","Não","Não","1992-01-14","Facebook;Instagram;Linkedin"
"2018/03/20 9:10:00 AM GMT-3","Mestrado","2018","Agrárias","2017","Universidade Federal Rural da Amazônia - UFRA/PA","Iniciação científica;PET","","","","1","CAPES","Sim","Não","Past, Assistat, Canoco","Sim, certamente","9","Não","Masculino","1","De outro Estado","Com amigos","Transporte público","B","175","72","Não","Contra-Baixo","1994-10-25","Facebook;Instagram;Linkedin"
"2018/03/20 9:10:03 AM GMT-3","Mestrado","2016","Ciências da Terra","2015","UFPR","","","","","0","Não","Sim","Não","Não.","Sim, certamente","7","Sim","Feminino","2","Curitiba ou região metropolitana","Com o namorado(a)/noivo(a)/cônjuge","Transporte público","B","168","64","Sim","Não","1990-08-20","Facebook;Linkedin"
"2018/03/20 9:10:06 AM GMT-3","Doutorado","2018","Sociais Aplicadas","2010","PUC","","2012","2014","UFPR","6","Não","Não","Não","SPSS","Sim, certamente","8","Sim","Masculino","0","Curitiba ou região metropolitana","Com os pais","Transporte público","A","179","75","Sim","Violão ","1984-10-15","Facebook;Instagram;Linkedin"
"2018/03/20 9:10:35 AM GMT-3","Doutorado","1","Tecnologia","2012","UFPR","Iniciação científica","2013","2015","UFPR","5","CAPES","Não","Não","Não ","Sim, certamente","7","Não","Masculino","1","Curitiba ou região metropolitana","Com os pais","A pé ou bicicleta","B","187","100","Sim","Violao","1987-10-03","Facebook;Google+"
"2018/03/20 9:10:54 AM GMT-3","Mestrado","2018","Exatas","2017","UFPR","","","","","0","CAPES","Sim","Não","Não","Não sabe ainda","5","Não","Masculino","0","Curitiba ou região metropolitana","Com os pais","Transporte público","Não","178","70","Não","Não","1990-08-19","Facebook;Twitter;Instagram"
"2018/03/20 9:10:56 AM GMT-3","Mestrado","2017","Saúde","2016","PUCPR","Iniciação científica","","","","0","CAPES","Sim","Não","Não","Sim, certamente","8","Não","Masculino","1","Curitiba ou região metropolitana","Com o namorado(a)/noivo(a)/cônjuge","Carro/moto próprio","A","182","76","Sim","Contra-baixo","1992-04-05","Facebook"
"2018/03/20 9:11:03 AM GMT-3","Doutorado","2016","Humanas","2012","UFPR","","2012","2014","UFPR","3","CAPES","Não","Sim","SPSS","Sim, certamente","8","Não","Feminino","1","De outro Estado","Com outros familiares","Transporte público","Não","167","60","Sim","Violão","1990-07-20","Facebook"
"2018/03/20 9:11:19 AM GMT-3","Mestrado","2018","Sociais Aplicadas","2017","UFPR","Iniciação científica","","","","0","Não","Não","Não","Nemhum","Não sabe ainda","8","Não","Feminino","5","Curitiba ou região metropolitana","Com os pais","Transporte público","A","155","62","Sim","Não","1995-03-24","Facebook;Twitter;Google+;Instagram;Linkedin"
"2018/03/20 9:11:24 AM GMT-3","Doutorado","2017","Saúde","2013","UFPR","Iniciação científica","2014","2016","UFPR","0","CAPES","Sim","Não","Statistica","Sim, certamente","10","Não","Feminino","3","De outro Estado","Com o namorado(a)/noivo(a)/cônjuge","Carro/moto próprio","AB","162","51","Sim","Não","1991-01-17","Facebook;Linkedin"
"2018/03/20 9:12:24 AM GMT-3","Doutorado","2017","Artes, Comunicação e Design","2021","UFPR","","2014","2016","UFPR","0","CAPES","Não","Não","Statistica","Sim, certamente","8","Não","Masculino","3","Curitiba ou região metropolitana","Com o namorado(a)/noivo(a)/cônjuge","Carro/moto próprio","A","188","85","Sim","contrabaixo elétrico e violão","1982-10-09","Facebook;Instagram;Linkedin"
"2018/03/20 9:12:29 AM GMT-3","Doutorado","2017","Humanas","2014","UFPR","Iniciação científica","2015","2017","UFPR","2","CAPES","Sim","Não","SPSS","Sim, certamente","10","Sim","Masculino","0","Curitiba ou região metropolitana","Com o namorado(a)/noivo(a)/cônjuge","A pé ou bicicleta","B","174","67","Não","guitarra","1990-01-19","Facebook;Twitter;Google+;Instagram;Linkedin;Outras"
"2018/03/20 9:12:44 AM GMT-3","Mestrado","2017","Ciências da Terra","2017","UFPR","Iniciação científica;Bolsista de (algum outro) projeto","","","","0","Projeto","Sim","Não","Não","Sim, certamente","7","Sim","Feminino","1","Curitiba ou região metropolitana","Com o namorado(a)/noivo(a)/cônjuge","Transporte público","B","","","Sim","Flauta","1992-04-04","Facebook;Instagram"
"2018/03/20 9:13:16 AM GMT-3","Doutorado","2015","Humanas","1999","Faculdade de Direito de Curitiba","","2013","2015","PUCPR","2","Não","Não","Não","Não ","Sim, certamente","9","Não","Feminino","1","Curitiba ou região metropolitana","Com o namorado(a)/noivo(a)/cônjuge","A pé ou bicicleta","A","174","70","Não","Não","1975-02-25","Facebook;Google+;Instagram"
"2018/03/20 9:14:17 AM GMT-3","Cursando","2018","Exatas","2013","UFPR","Iniciação científica","2014","2016","UFPR","2","Não","Sim","Não","Não ","Sim, certamente","10","Sim","Feminino","2","Do interior do Paraná","Com os pais","Carro/moto próprio","B","162","58","Sim","Não","1989-10-02","Facebook;Google+;Instagram;Linkedin"
"2018/03/20 9:14:18 AM GMT-3","Doutorado","2016","Agrárias","2005","UFPR","","2010","2012","UFPR","5","Não","Não","Não","Não","Sim, certamente","5","Sim","Masculino","0","De outro Estado","Com os pais","Carro/moto próprio","A","175","75","Não","Não","1979-08-20","Facebook;Twitter;Instagram;Linkedin"
"2018/03/20 9:14:49 AM GMT-3","Mestrado","2016","Saúde","2018","UFPR","Bolsista de (algum outro) projeto","","","","2","Não","Sim","Sim","EpiInfo; R","Sim, certamente","10","Não","Feminino","3","Curitiba ou região metropolitana","Com os pais","Carro/moto próprio","B","163","57","Não","Não","2018-02-07","Facebook"
"2018/03/20 9:15:11 AM GMT-3","Doutorado","2016","Ciências Biológiccas","2013","UFPR","Iniciação científica;Bolsista de (algum outro) projeto","2014","2016","UFPR","0","CAPES","Sim","Não","Prisma","Sim, certamente","7","Não","Feminino","4","Curitiba ou região metropolitana","Sozinho","Carro/moto próprio","B","162","60","Não","Não","1989-09-22","Facebook;Instagram;Linkedin"
"2018/03/20 9:15:19 AM GMT-3","Mestrado","2017","Agrárias","2019","UFPR","Iniciação científica;Bolsista de (algum outro) projeto","","","","2","CNPQ","Sim","Não","Não","Sim, certamente","10","Sim","Feminino","1","De outro Estado","Com o namorado(a)/noivo(a)/cônjuge","Carro/moto próprio","B","168","60","Sim","Não","1988-11-24","Facebook;Instagram;Linkedin"
"2018/03/20 9:15:34 AM GMT-3","Doutorado","2015","Saúde","2018","UFPR","Iniciação científica","2012","2013","UFPR","5","Não","Sim","Não","Não","Não, com certeza","10","Sim","Feminino","5","Do interior do Paraná","Com o namorado(a)/noivo(a)/cônjuge","Carro/moto próprio","B","164","76","Não","Não","1975-09-19","Facebook"
"2018/03/20 9:16:03 AM GMT-3","Doutorado","2018","Exatas","2004","FACULDADE ESTADUAL DE CIÊNCIAS E LETRAS DE CAMPO MOURÃO - FECILCAM","","2005","2007","","2","Não","Sim","Sim","sim, minitab","Não sabe ainda","7","Sim","Masculino","1","Do interior do Paraná","Com o namorado(a)/noivo(a)/cônjuge","ônibus de linha Campo Mourão - Curitiba","AB","165","71","Sim","Não","1983-01-06","Facebook"
"2018/03/20 9:16:45 AM GMT-3","Doutorado","2017","Agrárias","2015","Universidade Federal do Piaui - UFPI","Bolsista de (algum outro) projeto","2015","2017","Universidade Federal do Piaui - UFPI","16","CAPES","Sim","Sim","SAS; BioEstat","Sim, certamente","10","Não","Masculino","1","De outro Estado","Sozinho","A pé ou bicicleta","AB","178","70","Não","Não","1992-01-23","Facebook;Instagram"
"2018/03/20 9:16:49 AM GMT-3","Doutorado","2017","Ciências Biológiccas","2012","Universidad Nacional de Asuncion (Paraguay)","Iniciação científica","2015","2017","UFSC","0","CNPQ","Sim","Sim","Excel, SPSS ","Sim, certamente","9","Não","Feminino","3","De outro Estado","Com amigos","Carro/moto próprio","B","165","62","Não","violao","1989-05-08","Facebook;Google+;Instagram"
"2018/03/20 9:17:17 AM GMT-3","Mestrado","2016","Exatas","2015","UFPR","Iniciação científica;Bolsista de (algum outro) projeto","","","UFPR","5","Não","Sim","Não","R","Não sabe ainda","7","Não","Masculino","1","Curitiba ou região metropolitana","Com o namorado(a)/noivo(a)/cônjuge","Carro/moto próprio","B","180","75","Não","Não","1990-04-09",""
"2018/03/20 9:17:21 AM GMT-3","Doutorado","2018","Ciências Biológiccas","2014","UFPI","","2015","2017","UFPI","0","CNPQ","Sim","Sim","Assistat; R; Genes; Excel; ","Não sabe ainda","5","Não","Feminino","0","De outro Estado","Com amigos","A pé ou bicicleta","B","150","54","Não","Não","1989-04-17","Facebook"
"2018/03/20 9:18:01 AM GMT-3","Doutorado","2018","Humanas","2013","UFPR","Iniciação científica","2013","2015","UFPR","1","CAPES","Não","Não","Não ","Não sabe ainda","7","Sim","Feminino","2","Curitiba ou região metropolitana","Com os pais","Transporte público","A","159","62","Sim","Não","1990-06-23","Facebook;Twitter"
"2018/03/20 9:18:01 AM GMT-3","Mestrado","2017","Exatas","2016","Fatec - Faculdade de Tecnologia de São Paulo ","","","","","0","Não","Sim","Não","Não","Sim, certamente","8","Sim","Masculino","6","De outro Estado","Sozinho","A pé ou bicicleta","AB","180","85","Não","Não","1989-02-10","Facebook;Instagram;Linkedin"
"2018/03/20 9:18:17 AM GMT-3","Mestrado","2017","Agrárias","2017","UFSM","Iniciação científica;PET;Bolsista de (algum outro) projeto","","","","3","CNPQ","Sim","Não","sisvar, assistat","Sim, certamente","8","Não","Masculino","1","De outro Estado","Com amigos","A pé ou bicicleta","B","192","90","Não","Não","1994-08-18","Facebook;Google+;Instagram"
"2018/03/20 9:18:37 AM GMT-3","Mestrado","2018","Ciências Biológiccas","2020","UFPR","Iniciação científica","","","","0","CAPES","Sim","Não","Spss","Sim, certamente","10","Não","Feminino","1","Curitiba ou região metropolitana","Sozinho","Carro/moto próprio","B","174","68","Não","Não","1989-10-17","Instagram"
"2018/03/20 9:19:52 AM GMT-3","Mestrado","2017","Ciências Biológiccas","2019","UFPR","","","","","0","Não","Sim","Não","Infer","Sim, certamente","9","Sim","Masculino","2","De outro Estado","Com o namorado(a)/noivo(a)/cônjuge","Carro/moto próprio","A","177","88","Não","Não","1967-03-22","Facebook;Linkedin"
"2018/03/20 9:20:18 AM GMT-3","Mestrado","2017","Ciências Biológiccas","2010","Universidade Estadual do Oeste do Paraná","","2013","2015","Universidade Estadual de Londrina","3","CAPES","Sim","Sim","SPSS","Sim, certamente","10","Não","Feminino","01","Do interior do Paraná","Com o namorado(a)/noivo(a)/cônjuge","Transporte público","B","152","83","Sim","Não","1989-02-28","Facebook;Instagram"
"2018/03/20 9:20:27 AM GMT-3","Mestrado","2017","Agrárias","2016","UFSM- FW","Iniciação científica;Bolsista de (algum outro) projeto","","","","2","CAPES","Sim","Sim","Action, Assistat, R studio, SAS.","Sim, certamente","9","Não","Feminino","2","De outro Estado","Com amigos","Carona com amigos","A","163","60","Sim","Não","1993-11-16","Facebook;Instagram;Linkedin"
"2018/03/20 9:21:04 AM GMT-3","Mestrado","2017","Saúde","2019","UFPR","Iniciação científica;Bolsista de (algum outro) projeto","","","","4","Não","Sim","Não","Epinfo; SPSS versão 17.0","Sim, certamente","8","Não","Feminino","4","De outro Estado","Com amigos","Carro/moto próprio","B","156","68","Não","Não","1987-09-03","Facebook;Google+;Instagram"
"2018/03/20 9:21:21 AM GMT-3","Mestrado","2017","Agrárias","2016","Universidade Federal de Santa Maria","Iniciação científica;Bolsista de (algum outro) projeto","","","","1","CAPES","Sim","Sim","SAS","Sim, certamente","9","Não","Feminino","1","De outro Estado","Com amigos","A pé ou bicicleta","A","166","61","Não","Não","1995-01-31","Facebook;Instagram;Linkedin"
"2018/03/20 9:21:22 AM GMT-3","Doutorado","2018","Exatas","2016","UTFPR-CM","Iniciação científica","2016","2018","UFPR","1","CAPES","Sim","Não","Statistics 10.0","Sim, certamente","10","Não","Feminino","2","De outro Estado","Com o namorado(a)/noivo(a)/cônjuge","Carro/moto próprio","AB","158","57","Não","Não","1992-04-13","Facebook;Instagram;Linkedin"
"2018/03/20 9:21:26 AM GMT-3","Mestrado","2018","Tecnologia","2012","Universidade Estadual Paulista Julio de Mesquita Filho - UNESP","Iniciação científica","2013","2015","UFPR","1","CAPES","Sim","Não","Não","Sim, certamente","7","Sim","Feminino","2","De outro Estado","Com o namorado(a)/noivo(a)/cônjuge","Avião","B","158","74","Sim","Atabaque","1989-01-06",""
"2018/03/20 9:22:04 AM GMT-3","Mestrado","2017","Humanas","2019","UFPR","","","","","0","Não","Sim","Não","Spss","Sim, certamente","10","Sim","Feminino","1","De outro Estado","Com amigos","A pé ou bicicleta","A","172","52","Não","Não","1981-08-10","Facebook;Instagram;Linkedin"
"2018/03/20 9:22:46 AM GMT-3","Mestrado","2017","Exatas","2019","UFPR","Bolsista de (algum outro) projeto","","","UFPR","0","CAPES","Sim","Sim","R","Não sabe ainda","8","Não","Feminino","1","Do interior do Paraná","Com amigos","A pé ou bicicleta","AB","152","47","Não","Não","","Facebook"
"2018/03/20 9:23:31 AM GMT-3","Doutorado","2017","Agrárias","2022","UFPR","Iniciação científica","2011","2013","UFPR","2","Não","Sim","Sim","R","Sim, certamente","9","Sim","Masculino","2","Curitiba ou região metropolitana","Com os pais","Carro/moto próprio","A","175","120","Sim","Não","2018-09-14","Facebook"
"2018/03/20 9:23:51 AM GMT-3","Doutorado","2017","Ciências Biológiccas","2011","UNOPAR","","2013","2015","UFPR","5","Não","Sim","Não","SPSS","Sim, certamente","10","Sim","Masculino","2","Do interior do Paraná","Com o namorado(a)/noivo(a)/cônjuge","Carro/moto próprio","AB","183","90","Sim","Não","1983-07-08","Facebook;Instagram;Linkedin"
"2018/03/20 9:24:17 AM GMT-3","Mestrado","2018","Sociais Aplicadas","2017","UFPR","Iniciação científica","","","","0","Não","Não","Não","Nemhum","Não sabe ainda","8","Não","Feminino","5","Curitiba ou região metropolitana","Com os pais","Transporte público","A","155","62","Sim","Não","1995-03-24","Facebook;Twitter;Google+;Instagram;Linkedin"
"2018/03/20 9:24:28 AM GMT-3","Doutorado","2018","Ciências Biológiccas","2014","Universidade Estadual do Paraná","Iniciação científica;Bolsista de (algum outro) projeto","2016","2018","UFPR","5","CAPES","Sim","Sim","R","Sim, certamente","10","Sim","Feminino","2","Do interior do Paraná","Com amigos","A pé ou bicicleta","B","166","48","Não","Não","1993-06-27","Facebook;Google+;Instagram"
"2018/03/20 9:24:37 AM GMT-3","Mestrado","2017","Saúde","2008","Universidade Regional de Blumenau","Iniciação científica","","","","0","CAPES","Sim","Não","Não","Sim, certamente","9","Não","Feminino","1","De outro Estado","Com o namorado(a)/noivo(a)/cônjuge","Carro/moto próprio","A","167","65","Não","Não","1986-09-05","Facebook;Instagram;Linkedin"
"2018/03/20 9:25:26 AM GMT-3","Doutorado","2017","Exatas","2003","UFPR","Bolsista de (algum outro) projeto","2009","2011","Furb","3","Não","Sim","Não","Statistica","Sim, certamente","9","Sim","Masculino","3","De outro Estado","Com o namorado(a)/noivo(a)/cônjuge","Transporte público","B","185","120","Sim","Não","1979-06-28","Facebook;Linkedin"
"2018/03/20 9:25:29 AM GMT-3","Doutorado","2016","Agrárias","2020","UFPR","","2014","2016","UFPR","5","Fundação araucária ","Não","Não","Não ","Sim, certamente","10","Não","Feminino","1","Curitiba ou região metropolitana","Com o namorado(a)/noivo(a)/cônjuge","Transporte público","B","165","80","Sim","Não","1978-07-27","Facebook;Instagram;Linkedin"
"2018/03/20 9:25:46 AM GMT-3","Doutorado","2017","Exatas","1999","Faculdade de Ciências e Tecnologia do Paraná","","2014","2016","UFPR","1 ","Não","Não","Não","Não","Sim, certamente","8","Sim","Feminino","2","Do interior do Paraná","Com outros familiares","Carro/moto próprio","B","165","88","Não","Não","1969-05-19","Facebook;Google+;Linkedin"
"2018/03/20 9:26:09 AM GMT-3","Mestrado","2017","Exatas","2017","UFPR","Iniciação científica","","","","0","CAPES","Sim","","Não","Sim, certamente","9","Não","Feminino","2","De outro Estado","Com amigos","A pé ou bicicleta","AB","165","67","Não","Não","1995-04-28","Facebook;Google+;Instagram;Linkedin"
"2018/03/20 9:26:15 AM GMT-3","Mestrado","2015","Exatas","20102014","Universidade Federal da Bahia","Iniciação científica","","","UFPR","2","Não","Sim","Sim","R software 3.4.1; SPSS","Sim, certamente","10","Não","Masculino","3","De outro Estado","Sozinho","Transporte público","B","192","89","Não","Contrabaixo; Piano ","1987-04-01","Facebook;Linkedin"
"2018/03/20 9:26:39 AM GMT-3","Doutorado","2017","Tecnologia","2021","UFPR","Iniciação científica;Bolsista de (algum outro) projeto","2015","2017","UFPR","3","CAPES","Não","Não","Sim. R","Sim, certamente","10","Não","Feminino","2","De outro Estado","Com amigos","A pé ou bicicleta","B","170","59","Sim","Não","1994-05-10","Facebook;Twitter;Google+;Instagram;Linkedin;Outras"
"2018/03/20 9:27:32 AM GMT-3","Mestrado","2017","Humanas","2012","Universidade Federal do Pará (UFPA)","Bolsista de (algum outro) projeto","","","","0","CAPES","Sim","Não","Não","Não sabe ainda","7","Não","Masculino","1","De outro Estado","Com os pais","A pé ou bicicleta","B","181","82","Sim","Não","","Facebook;Twitter;Instagram"
"2018/03/20 9:27:52 AM GMT-3","Mestrado","2018","Sociais Aplicadas","2013","UFPR","","","","","0","CAPES","Não","Não","Não","Sim, certamente","8","Não","Feminino","0","Do interior do Paraná","Com amigos","Transporte público","A","165","80","Sim","Não","1989-11-22","Twitter;Instagram"
"2018/03/20 9:29:19 AM GMT-3","Doutorado","2015","Ciências Biológiccas","2019","Pontifícia Universidade Católica do Paraná","Iniciação científica","2010","2012","UFPR","4","Fundação Araucária","Sim","Sim","PRISMA GRAPH PAD 6.0","Sim, certamente","10","Não","Feminino","2","Do interior do Paraná","Com os pais","Transporte público","Não","157","60","Sim","Não","1982-06-06","Facebook;Instagram;Linkedin;Outras"
"2018/03/20 9:29:52 AM GMT-3","Pós-Graduação","2017","Litoral","2019","UFPR LITORAL","","","","","0","Não","Não","Não","Não","Não sabe ainda","10","Sim","Feminino","3","De outro Estado","Sozinho","Carro/moto próprio","B","155","58","Sim","Não","1966-10-23","Facebook;Outras"
"2018/03/20 9:30:08 AM GMT-3","Doutorado","2014","Ciências Biológiccas","2011","Universidad de la Republica (UdelaR), Uruguay","Iniciação científica","2013","2014","UFPR","3","CAPES","Sim","Não","Prism","Sim, certamente","10","Não","Masculino","2","De outro Estado","Com o namorado(a)/noivo(a)/cônjuge","A pé ou bicicleta","A","172","67","Sim","Guitarra, Bateria","1985-02-22","Facebook;Google+;Linkedin"
"2018/03/20 9:30:15 AM GMT-3","Doutorado","2017","Agrárias","2015","UFPR","Iniciação científica","2015","2017","UFPR","3","CAPES","Sim","Sim","SAS","Sim, certamente","10","Não","Feminino","1","Curitiba ou região metropolitana","Com os pais","Carro/moto próprio","B","158","66","Não","Não","1987-11-06","Facebook;Twitter;Instagram;Linkedin"
"2018/03/20 9:30:46 AM GMT-3","Mestrado","2017","Exatas","2016","UFPR","Bolsista de (algum outro) projeto","","","","0","CAPES","Sim","Não","Sim, R (não lembro a interface utilizada)","Sim, certamente","7","Não","Masculino","1","Do interior do Paraná","Com os pais","Transporte público","B","168","78","Sim","Não","1993-05-02","Facebook;Instagram;Linkedin"
"2018/03/20 9:31:15 AM GMT-3","Doutorado","2017","Ciências Biológiccas","2014","UFPR","Iniciação científica","2015","2017","UFPR","0","CAPES","Sim","Não","Graphpad prism","Sim, certamente","9","Não","Feminino","0","Curitiba ou região metropolitana","Com os pais","Carro/moto próprio","AB","153","58","Não","Não","1992-10-27","Facebook;Twitter;Instagram;Linkedin;Outras"
"2018/03/20 9:31:28 AM GMT-3","Mestrado","2016","Agrárias","2020","UFPR","Iniciação científica","2015","2015","Unipar","3","CAPES","Sim","Não","Não","Sim, certamente","10","Não","Feminino","2","Curitiba ou região metropolitana","Com outros familiares","Transporte público","A","174","97","Sim","Violino","1983-05-05","Facebook"
"2018/03/20 9:32:47 AM GMT-3","Mestrado","2017","Ciências da Terra","2010","Centro Universitário Dinâmica das Cataratas","Bolsista de (algum outro) projeto","2012","2014","UFPR","2","Não","Sim","Não","Sistema R","Sim, certamente","10","Sim","Feminino","1","De outro Estado","Com o namorado(a)/noivo(a)/cônjuge","Carro/moto próprio","B","156","55","Não","Violão e Guitarra","1977-06-09","Facebook;Linkedin"
"2018/03/20 9:34:08 AM GMT-3","Mestrado","2018","Palotina","2017","UFPR","Iniciação científica","","","","0","CAPES","Sim","Não","Bioestat; R","Sim, certamente","10","Não","Feminino","1","De outro Estado","Com o namorado(a)/noivo(a)/cônjuge","A pé ou bicicleta","AB","176","80","Sim","Não","1995-01-11","Facebook;Google+;Instagram"
"2018/03/20 9:34:45 AM GMT-3","Mestrado","2017","Agrárias","2017","Instituto Federal de Educação, Ciência e Tecnologia do Piauí","Iniciação científica","","","","3","CAPES","Não","Sim","assistat","Não sabe ainda","8","Não","Feminino","4","De outro Estado","Com amigos","A pé ou bicicleta","Não","170","55","Não","Não","1994-12-02","Facebook;Instagram"
"2018/03/20 9:35:07 AM GMT-3","Doutorado","2018","Tecnologia","2014","UNAH, Honduras","Iniciação científica","2016","2018","UFPR","1","CAPES","Sim","Não","Statistica, SPSS","Sim, certamente","10","Não","Feminino","1","De outro Estado","Sozinho","A pé ou bicicleta","Não","160","55","Não","UKULELE","1990-09-28","Facebook;Instagram;Linkedin"
"2018/03/20 9:36:40 AM GMT-3","Doutorado","2015","Ciências Biológiccas","2019","Universidade do Estado de Mato Grosso (UNEMAT)","Iniciação científica","2013","2015","Universidade do Estado de Mato Grosso (UNEMAT","6","CNPQ","Sim","Sim","R; Statistica","Sim, certamente","10","Não","Feminino","2","De outro Estado","Com amigos","A pé ou bicicleta","AB","155","60","Sim","Não","1990-12-15","Facebook;Instagram"
"2018/03/20 9:37:23 AM GMT-3","Mestrado","2017","Agrárias","2016","UFPR","Iniciação científica","","","","2","CAPES","Sim","Sim","SAS, R e Excel","Sim, certamente","10","Não","Feminino","1","Curitiba ou região metropolitana","Com os pais","Transporte público","Não","160","58","Sim","Não","1990-06-27","Facebook;Instagram;Linkedin"
"2018/03/20 9:37:46 AM GMT-3","Doutorado","2018","Saúde","2022","UFPR","Iniciação científica","2016","2018","UFPR","1 ","Não","Sim","Não","Software Statistica; prisma","Sim, certamente","10","Sim","Feminino","1","Do interior do Paraná","Com o namorado(a)/noivo(a)/cônjuge","Carro/moto próprio","AB","159","62","Sim","Não","1993-08-27","Facebook;Instagram"
"2018/03/20 9:38:47 AM GMT-3","Mestrado","2017","Ciências Biológiccas","2015","Unibrasil","Iniciação científica","","","","1","CAPES","Sim","Não","Tstudent","Sim, certamente","8","Não","Feminino","2","Curitiba ou região metropolitana","Com o namorado(a)/noivo(a)/cônjuge","Carro/moto próprio","B","164","62","Sim","Não","1990-05-03","Facebook;Instagram"
"2018/03/20 9:39:01 AM GMT-3","Mestrado","2017","Agrárias","2017","UFPR","Iniciação científica","","","","1","CAPES","Sim","Não","Sim, GraphPad Prism e Matlab","Sim, certamente","10","Não","Masculino","1","Curitiba ou região metropolitana","Com os pais","Carro/moto próprio","A","170","60","Sim","Violão ","2018-06-07","Facebook;Instagram"
"2018/03/20 9:39:12 AM GMT-3","Mestrado","2018","Exatas","2016","Unespar ","Iniciação científica;Bolsista de (algum outro) projeto","","","","0","Institutos Lactec","Sim","Sim","Statistica","Sim, certamente","8","Sim","Masculino","1","Do interior do Paraná","Sozinho","A pé ou bicicleta","Não","179","65","Sim","Não","","Facebook;Instagram;Linkedin"
"2018/03/20 9:39:13 AM GMT-3","Doutorado","2018","Exatas","2021","UFPR","Iniciação científica","2015","2017","UFPR","0","CAPES","Sim","Sim","Statistica","Sim, certamente","10","Não","Feminino","2","De outro Estado","Sozinho","A pé ou bicicleta","Não","156","50","Não","Saxofone, flauta","1988-09-16","Instagram"
"2018/03/20 9:39:56 AM GMT-3","Mestrado","2018","Jurídicas","2015","UFPR","PET","","","UFPR","0","Não","Não","Não","Não","Não sabe ainda","5","Sim","Feminino","1","De outro Estado","Sozinho","Carro/moto próprio","A","174","85","Não","Não","1992-11-17",""
"2018/03/20 9:40:42 AM GMT-3","Mestrado","2017","Saúde","2014","UFPR","","","","","2","CAPES","Sim","Não","Não","Sim, certamente","8","Não","Feminino","1","Curitiba ou região metropolitana","Com o namorado(a)/noivo(a)/cônjuge","Carro/moto próprio","B","164","56","Não","Não","1990-10-10","Facebook;Instagram;Linkedin"
"2018/03/20 9:41:02 AM GMT-3","Doutorado","2017","Ciências Biológiccas","1989","UFPR","Iniciação científica","","1998","UEM","03","Não","Sim","Não","genes","Sim, certamente","9","Sim","Feminino","3","Do interior do Paraná","Sozinho","Transporte público","B","","","Sim","Não","1967-01-25","Facebook;Instagram"
"2018/03/20 9:41:53 AM GMT-3","Mestrado","2017","Tecnologia","2016","UFPR","Iniciação científica","","","UFPR","1","CAPES","Sim","Não","Não","Sim, certamente","9","Não","Feminino","1","Do interior do Paraná","Sozinho","Transporte público","B","165","","Não","Não","1992-08-24","Facebook;Instagram;Linkedin"
"2018/03/20 9:43:02 AM GMT-3","pós-doutorado","2014","Ciências Biológiccas","2005","UNESP - Rio Claro","Iniciação científica","2006","2008","UNESP - Rio Claro","18","CAPES","Sim","Sim","R; Systat; PAST; ORIANA","Sim, certamente","10","Sim","Masculino","1","De outro Estado","Com o namorado(a)/noivo(a)/cônjuge","Carro/moto próprio","A","174","63","Sim","Não","1983-10-14",""
"2018/03/20 9:43:37 AM GMT-3","Mestrado","2017","Ciências Biológiccas","2019","Instituto Carlos Chagas","","","","","0","CAPES","Sim","Não","nao","Sim, certamente","10","Não","Masculino","3","De outro Estado","Sozinho","Transporte público","Não","163","","Não","Não","1993-05-28","Facebook"
"2018/03/20 9:43:55 AM GMT-3","Mestrado","2017","Artes, Comunicação e Design","2019","UFPR","Bolsista de (algum outro) projeto","","","","0","CAPES","Não","Não","R; MatLab; Excel","Sim, certamente","7","Não","Masculino","1","De outro Estado","Sozinho","A pé ou bicicleta","AB","174","110","Não","Não","1986-07-04","Facebook;Twitter;Google+;Instagram;Linkedin"
"2018/03/20 9:43:55 AM GMT-3","Doutorado","2017","Agrárias","2014","UFPR","Bolsista de (algum outro) projeto","2015","2017","UFPR","1","CAPES","Sim","Não","R","Sim, certamente","10","Não","Feminino","0","Curitiba ou região metropolitana","Com os pais","Carro/moto próprio","B","174","57","Não","Não","1991-09-04","Facebook;Instagram;Linkedin"
"2018/03/20 9:43:57 AM GMT-3","Doutorado","2015","Agrárias","2007","Universidade Estadual de Ponta Grossa (UEPG)","Iniciação científica","2009","2012","Universidade estadual de Maringá (UEM)","1","CAPES","Sim","Sim","SAS","Sim, certamente","10","Não","Feminino","3","Curitiba ou região metropolitana","Sozinho","Carro/moto próprio","B","159","77","Sim","Não","1977-07-14","Linkedin"
"2018/03/20 9:47:48 AM GMT-3","Mestrado","2018","Humanas","2019","UFPR","","","","UFPR","0","Não","Não","Não","Não utilizei!","Não sabe ainda","10","Sim","Masculino","3","Do interior do Paraná","Com os pais","Carro/moto próprio","AB","170","80","Sim","Não","1969-04-25","Facebook;Twitter;Instagram;Linkedin"
"2018/03/20 9:48:12 AM GMT-3","Mestrado","2017","Ciências da Terra","2010","UFPR","Iniciação científica;Bolsista de (algum outro) projeto","","","","0","Não","Sim","Não","R","Sim, certamente","8","Sim","Feminino","2","De outro Estado","Com o namorado(a)/noivo(a)/cônjuge","Carro/moto próprio","B","163","58","Sim","Não","","Facebook;Instagram"
"2018/03/20 9:48:33 AM GMT-3","Mestrado","2016","Humanas","2013","UFPR","Iniciação científica","","","UFPR","02","Não","Não","Não","Nunca utilizei nenhum software de estatística.","Sim, certamente","10","Sim","Feminino","4","Curitiba ou região metropolitana","Com os pais","Transporte público","B","160","65","Não","Violão","2018-05-10","Facebook;Twitter;Google+;Instagram;Linkedin"
"2018/03/20 9:51:45 AM GMT-3","Mestrado","2018","Educação","2007","Uniguaçu","","","","","0","CAPES","Sim","Não","Não","Sim, certamente","8","Não","Feminino","1","Do interior do Paraná","Com o namorado(a)/noivo(a)/cônjuge","Carro/moto próprio","B","176","70","Não","Não","2018-10-28","Instagram"
"2018/03/20 9:52:26 AM GMT-3","Doutorado","2015","Jurídicas","2003","Universidade do Contestado","","2005","2007","UNIVALI","13","Não","Não","Não","Não","Sim, certamente","10","Sim","Masculino","3","Curitiba ou região metropolitana","Com o namorado(a)/noivo(a)/cônjuge","Carro/moto próprio","B","184","87","Sim","Não","1981-11-17","Facebook;Instagram"
"2018/03/20 9:53:48 AM GMT-3","Mestrado","2017","Agrárias","2016","UFPR","Iniciação científica;Bolsista de (algum outro) projeto","","","","2","CAPES","Sim","Sim","Assistat","Sim, certamente","10","Não","Feminino","1","De outro Estado","Com outros familiares","Transporte público","B","163","60","Sim","Não","1991-08-03","Facebook;Instagram;Linkedin"
"2018/03/20 9:54:17 AM GMT-3","Pós doutorado ","0","Saúde","2003","UFPR","","","","USP","45","Não","Não","Sim","Biostata","Sim, certamente","10","Sim","Feminino","2","Curitiba ou região metropolitana","Com o namorado(a)/noivo(a)/cônjuge","Carro/moto próprio","A","170","70","Não","Não","2018-03-24","Facebook;Instagram;Linkedin"
"2018/03/20 9:55:39 AM GMT-3","Doutorado","2015","Agrárias","2009","UDESC","Iniciação científica;Bolsista de (algum outro) projeto","2010","2012","UNICENTRO","8","CAPES","Sim","Sim","R; EXCEL; ACTION","Sim, certamente","10","Sim","Masculino","2","De outro Estado","Com o namorado(a)/noivo(a)/cônjuge","Carro/moto próprio","AB","185","68","Não","Não","1983-11-25","Facebook"
"2018/03/20 9:57:05 AM GMT-3","Doutorado","2016","Ciências Biológiccas","2010","Centro Universitário UNA","Bolsista de (algum outro) projeto","2012","2014","Universidade Federal do Rio Grande","2","Não","Sim","Sim","R; Statistica","Sim, certamente","10","Sim","Masculino","2","De outro Estado","Sozinho","Carro/moto próprio","B","167","81","Sim","Não","1983-08-10","Facebook;Instagram;Linkedin"
"2018/03/20 9:58:11 AM GMT-3","Mestrado","2017","Humanas","2015","UFPR","Bolsista de (algum outro) projeto","","","","0","CAPES","Sim","Não","SPSS","Não, com certeza","6","Não","Masculino","2","De outro Estado","Com os pais","Transporte público","Não","173","100","Sim","Não","1993-01-03","Facebook;Twitter"
"2018/03/20 9:59:10 AM GMT-3","Mestrado","2017","Exatas","2016","UFPR","Iniciação científica;Bolsista de (algum outro) projeto","","","","0","CAPES","Não","Não","Origin","Sim, certamente","10","Não","Masculino","1","Curitiba ou região metropolitana","Com os pais","Carro/moto próprio","AB","170","80","Não","Não","1993-03-20","Facebook;Twitter;Instagram"
"2018/03/20 10:00:03 AM GMT-3","Doutorado","2015","Ciências da Terra","2010","UFSC","Bolsista de (algum outro) projeto","2013","2015","UFPR","2","CAPES","Não","Sim","R","Sim, certamente","10","Não","Feminino","2","De outro Estado","Com o namorado(a)/noivo(a)/cônjuge","Transporte público","Não","172","78","Sim","Não","1987-10-28","Facebook"
"2018/03/20 10:03:51 AM GMT-3","Doutorado","1994","Saúde","1983","UFPR","Bolsista de (algum outro) projeto","1989","1991","UFPR","32","Não","Sim","Sim","Não","Sim, certamente","10","Sim","Masculino","1","Do interior do Paraná","Com o namorado(a)/noivo(a)/cônjuge","Carro/moto próprio","B","186","110","Sim","Não","1960-09-27","Google+;Outras"
"2018/03/20 10:04:03 AM GMT-3","Mestrado","2017","Sociais Aplicadas","2014","UnB","Bolsista de (algum outro) projeto","","","","0","CAPES","Sim","Sim","Stata; R; Geoda; Gretl","Sim, certamente","10","Não","Masculino","3","De outro Estado","Sozinho","A pé ou bicicleta","B","166","69","Não","Não","1991-05-29","Linkedin"
"2018/03/20 10:04:38 AM GMT-3","Mestrado","2017","Educação","2013","UFPR","Bolsista de (algum outro) projeto","","","","5","Não","Sim","Sim","R","Sim, certamente","10","Sim","Masculino","1","Curitiba ou região metropolitana","Com o namorado(a)/noivo(a)/cônjuge","Carro/moto próprio","Superior à B","185","95","Sim","Não","","Facebook;Linkedin"
"2018/03/20 10:05:02 AM GMT-3","Mestrado","2017","Sociais Aplicadas","2015","UFPR","","","","","2","Não","Sim","Sim","weka","Sim, certamente","7","Sim","Feminino","1","Curitiba ou região metropolitana","Sozinho","Carro/moto próprio","A","154","61","Sim","Não","1981-04-24","Facebook;Twitter;Instagram;Linkedin"
"2018/03/20 10:05:32 AM GMT-3","Doutorado","2005","Sociais Aplicadas","1996","Usp","Iniciação científica","","","Usp","4","Não","Não","Não","Ssp ","Sim, certamente","9","Sim","Masculino","2","Do interior do Paraná","Com o namorado(a)/noivo(a)/cônjuge","Carro/moto próprio","A","178","81","Não","Violão ","1972-09-27","Facebook"
"2018/03/20 10:05:45 AM GMT-3","Doutorado","2017","Artes, Comunicação e Design","2021","UFSCar","Bolsista de (algum outro) projeto","2012","2014","UFPR","1","Não","Não","Não","SPSS; STATISTICA; R.","Sim, certamente","10","Sim","Masculino","3","De outro Estado","Com o namorado(a)/noivo(a)/cônjuge","Carro/moto próprio","AB","172","95","Sim","Trompete","1986-04-07",""
"2018/03/20 10:09:21 AM GMT-3","Doutorado concluído em 2011 (não estou cursando)","2007","Humanas","2002","UFPR","","2003","2005","UFPR","13","Não","Não","Sim","IBM SPSS","Sim, certamente","8","Sim","Feminino","2","De outro Estado","Com o namorado(a)/noivo(a)/cônjuge","Carro/moto próprio","B","158","58","Não","Não","1980-09-01","Facebook;Twitter;Instagram;Linkedin"
"2018/03/20 10:12:27 AM GMT-3","Mestrado","2017","Ciências Biológiccas","2014","UFPR","","","","","1","CAPES","Sim","Não","SPSS","Sim, certamente","7","Não","Masculino","2","Curitiba ou região metropolitana","Com os pais","Carro/moto próprio","B","163","61","Sim","Não","1993-09-15","Facebook;Instagram"
"2018/03/20 10:13:26 AM GMT-3","Doutorado","2015","Artes, Comunicação e Design","2012","Unicamp","Bolsista de (algum outro) projeto","2013","2015","Unicamp","0","CAPES","Não","Não","Sim. Statistica","Sim, certamente","7","Não","Masculino","0","De outro Estado","Com o namorado(a)/noivo(a)/cônjuge","Carro/moto próprio","AB","188","91","Não","Piano.","1990-04-26","Facebook"
"2018/03/20 10:14:02 AM GMT-3","Mestrado","2017","Exatas","2014","UFPR","Bolsista de (algum outro) projeto","2015","2017","UFPR","0","CAPES","Sim","Não","Não ","Sim, certamente","9","Não","Feminino","5","Curitiba ou região metropolitana","Com o namorado(a)/noivo(a)/cônjuge","Carro/moto próprio","AB","165","58","Sim","Não","1993-12-30","Facebook;Instagram"
"2018/03/20 10:15:20 AM GMT-3","Mestrado","2017","Ciências Biológiccas","2016","Universidade Tuiuti do Paraná","","","","","0","CAPES","Sim","Não","Statistica","Sim, certamente","10","Não","Feminino","1","Curitiba ou região metropolitana","Com o namorado(a)/noivo(a)/cônjuge","Carro/moto próprio","B","169","63","Sim","Não","2018-09-01","Facebook;Instagram;Linkedin"
"2018/03/20 10:15:38 AM GMT-3","Mestrado","2017","Saúde","2016","UFPR","Iniciação científica;PET;Bolsista de (algum outro) projeto","","","","1","CAPES","Sim","Não","Não ","Sim, certamente","8","Não","Feminino","0","Curitiba ou região metropolitana","Com os pais","Carro/moto próprio","A","173","70","Não","Não","1991-03-11","Facebook;Google+;Instagram;Linkedin"
"2018/03/20 10:18:28 AM GMT-3","Mestrado","2017","Exatas","2014","Fag-Fasul","","","","UFPR","0","Não","Não","Não","R","Sim, certamente","7","Não","Masculino","0","Do interior do Paraná","Sozinho","A pé ou bicicleta","Não","0","0","Não","Não","1990-02-02",""
"2018/03/20 10:19:33 AM GMT-3","Doutorado","2017","Saúde","2014","Universidade Tuiuti do Paraná","","2015","2016","UFPR","1","CAPES","Sim","Sim","statistica 10.0","Sim, certamente","9","Não","Feminino","1","Curitiba ou região metropolitana","Com o namorado(a)/noivo(a)/cônjuge","Carro/moto próprio","B","155","55","Sim","Não","1988-04-19","Facebook;Instagram;Linkedin"
"2018/03/20 10:20:25 AM GMT-3","Mestrado","2017","Agrárias","2017","Universidade Federal de Viçosa","Iniciação científica","","","","0","CAPES","Sim","Sim","Assistat","Sim, certamente","10","Não","Masculino","3","De outro Estado","Sozinho","Transporte público","Não","183","90","Não","Saxofone alto","1993-08-07","Facebook;Google+"
"2018/03/20 10:20:37 AM GMT-3","Doutorado","2016","Agrárias","2013","UFGD","Iniciação científica","2014","2016","UFPR","1","CAPES","Sim","Sim","Assistat; R","Sim, certamente","7","Não","Masculino","3","De outro Estado","Com o namorado(a)/noivo(a)/cônjuge","A pé ou bicicleta","AB","171","76","Sim","Não","1991-01-18","Facebook;Instagram;Linkedin"
"2018/03/20 10:21:36 AM GMT-3","Doutorado","2015","Ciências Biológiccas","2013","UFPR","Iniciação científica","2013","2015","UFPR","0","CAPES","Sim","Sim","statisica","Sim, certamente","10","Não","Feminino","3","Curitiba ou região metropolitana","Sozinho","Transporte público","A","176","80","Não","Não","1991-10-07","Facebook;Twitter;Google+;Instagram"
"2018/03/20 10:24:11 AM GMT-3","Doutorado","2016","Saúde","2013","Unioeste","Iniciação científica","2014","2016","UFPR","3","CAPES","Sim","Não","Não","Não sabe ainda","8","Não","Feminino","1","Do interior do Paraná","Com o namorado(a)/noivo(a)/cônjuge","Carro/moto próprio","A","","","Não","Não","1992-01-30","Facebook;Google+;Instagram;Linkedin"
"2018/03/20 10:27:58 AM GMT-3","Doutorado","2017","Humanas","2005","USP","","2013","2015","PUC-SP","1","Não","Sim","Não","SPSS","Sim, certamente","10","Sim","Masculino","2","De outro Estado","Com os pais","Ônibus inter-estadual","B","","","Não","Não","",""
"2018/03/20 10:28:18 AM GMT-3","Mestrado","2018","Agrárias","2020","UFPR","Iniciação científica","","","UFPR","0","Não","Sim","Não","past 3; assistat","Sim, certamente","10","Não","Feminino","1","Curitiba ou região metropolitana","Com os pais","Transporte público","B","165","55","Sim","Não","1993-02-26","Facebook;Instagram"
"2018/03/20 10:28:18 AM GMT-3","Mestrado","2017","Saúde","2013","Unioeste","Iniciação científica","","","","0","Não","Sim","Não","Spss","Sim, certamente","10","Sim","Feminino","2","Do interior do Paraná","Com outros familiares","A pé ou bicicleta","B","166","60","Não","Não","1990-09-07","Facebook;Instagram;Linkedin"
"2018/03/20 10:28:31 AM GMT-3","Doutorado","2018","Agrárias","2015","UFPR","Iniciação científica;Bolsista de (algum outro) projeto","2016","2018","UFPR","0","Não","Sim","Sim","SPSS","Sim, certamente","7","Não","Masculino","1","Curitiba ou região metropolitana","Com o namorado(a)/noivo(a)/cônjuge","Transporte público","B","186","70","Sim","guitarra, piano, bateria","1986-09-16","Facebook;Linkedin"
"2018/03/20 10:28:42 AM GMT-3","Doutorado","2015","Ciências Biológiccas","2009","UFPR","Iniciação científica;Bolsista de (algum outro) projeto","2010","2012","UFPR","4","Não","Não","Sim","R;STATA;STATISTICA;SPSS;PRISMA;PLINK","Sim, certamente","10","Sim","Feminino","1","Curitiba ou região metropolitana","Com o namorado(a)/noivo(a)/cônjuge","Carro/moto próprio","B","172","64","Não","Não","1987-11-06","Facebook;Instagram;Linkedin"
"2018/03/20 10:30:00 AM GMT-3","Doutorado","2014","Ciências Biológiccas","2007","Uniandrade","Bolsista de (algum outro) projeto","2012","2014","UFPR","2","CAPES","Sim","Não","bioestat","Sim, certamente","10","Não","Feminino","2","Curitiba ou região metropolitana","Com o namorado(a)/noivo(a)/cônjuge","Carro/moto próprio","B","170","65","Não","Não","1984-02-02","Facebook;Linkedin"
"2018/03/20 10:30:15 AM GMT-3","Doutorado","0","Palotina","2006","UFPR","Iniciação científica","2006","2009","UFPR","9","Não","Sim","Sim","R, Statistica, JUMP","","10","Sim","Masculino","3","Curitiba ou região metropolitana","Com o namorado(a)/noivo(a)/cônjuge","A pé ou bicicleta","A","","","Não","Não","",""
"2018/03/20 10:33:31 AM GMT-3","Mestrado","2016","Ciências Biológiccas","2018","Centro Universitário do Brasil - UniBrasil","Iniciação científica","","","","0","CAPES","Sim","Não","GraphPad Prism 5; GraphPad Prism 6; STATISTICA 7 ","Sim, certamente","9","Não","Feminino","2","Curitiba ou região metropolitana","Sozinho","Transporte público","Não","163","63","Sim","Não","1989-02-07","Facebook;Linkedin"
"2018/03/20 10:34:02 AM GMT-3","Doutorado","2016","Saúde","2010","Universidade positivo","","2014","2016","UFPR","4","CAPES","Sim","Não","Sim. R, excel","Sim, certamente","10","Não","Masculino","1","Curitiba ou região metropolitana","Com os pais","Carro/moto próprio","A","182","105","Sim","Piano","1989-02-22","Facebook;Instagram;Linkedin"
"2018/03/20 10:34:09 AM GMT-3","Doutorado","2018","Ciências Biológiccas","2008","UFPR","","2015","2017","UFPR","0","CAPES","Sim","Não","R; Prism","Sim, certamente","8","Sim","Masculino","1","Do interior do Paraná","Com o namorado(a)/noivo(a)/cônjuge","Carro/moto próprio","A","171","62","Sim","baixo","1986-11-15",""
"2018/03/20 10:35:58 AM GMT-3","Mestrado","2017","Ciências Biológiccas","2017","UEM","Iniciação científica","","","","0","CAPES","Sim","Não","Não","Sim, certamente","8","Não","Feminino","1","Do interior do Paraná","Sozinho","A pé ou bicicleta","AB","165","59","Não","Piano","1995-10-31","Facebook;Linkedin"
"2018/03/20 10:36:09 AM GMT-3","Mestrado","2017","Tecnologia","2012","Faculdade Assis Gurgacz","Iniciação científica","","","","0","Não","Sim","Não","Não","Sim, certamente","9","Sim","Masculino","1","Do interior do Paraná","Com o namorado(a)/noivo(a)/cônjuge","A pé ou bicicleta","A","180","85","Sim","Não","1982-05-30","Facebook;Instagram;Linkedin"
"2018/03/20 10:36:17 AM GMT-3","Doutorado","0","Sociais Aplicadas","1999","UTP","","","","UTFPR","2","Não","Sim","Não","Não ","Sim, certamente","10","Sim","Masculino","1","De outro Estado","Com o namorado(a)/noivo(a)/cônjuge","Carro/moto próprio","B","183","87","Sim","Saxofone","1968-02-27","Facebook;Twitter;Google+;Linkedin"
"2018/03/20 10:38:17 AM GMT-3","Doutorado","2017","Ciências Biológiccas","2012","UFPR","Iniciação científica","2014","2016","UFPR","2","CAPES","Não","Não","SPSS","Sim, certamente","9","Não","Feminino","0","Curitiba ou região metropolitana","Sozinho","Carro/moto próprio","AB","164","70","Sim","Não","1987-01-07","Facebook;Twitter;Instagram"
"2018/03/20 10:38:40 AM GMT-3","Doutorado","2016","Exatas","2014","UFPR","Iniciação científica;Bolsista de (algum outro) projeto","2014","2016","UFPR","5","CAPES","Sim","Não","R","Sim, certamente","8","Não","Masculino","1","Curitiba ou região metropolitana","Com os pais","Carro/moto próprio","B","180","70","Sim","Não","1991-08-21","Facebook;Instagram;Linkedin"
"2018/03/20 10:38:54 AM GMT-3","Mestrado","2018","Ciências Biológiccas","2020","Cescage - Centro de Ensino Superior dos Campos Gerais ","","","","","0","Não","Não","","Não ","Sim, certamente","10","Não","Feminino","2","Do interior do Paraná","Com os pais","Transporte público","B","160","55","Sim","Não","1994-05-18","Facebook;Instagram"
"2018/03/20 10:39:49 AM GMT-3","Doutorado","2005","Saúde","1983","UFSC","Bolsista de (algum outro) projeto","","","UFSC","24","Não","Sim","Sim","R, Prisma, Alceste, SPSS.","Sim, certamente","10","Sim","Feminino","3","De outro Estado","Sozinho","Carro/moto próprio","B","156","84","Não","piano","1962-03-16","Facebook;Instagram"
"2018/03/20 10:39:55 AM GMT-3","Mestrado","2016","Ciências Biológiccas","2016","UFPR","","","","","0","CAPES","Não","Não","não","Sim, certamente","10","Não","Feminino","1","Curitiba ou região metropolitana","Com os pais","Carro/moto próprio","B","172","60","Sim","Não","1990-08-13","Facebook;Instagram;Linkedin"
"2018/03/20 10:44:33 AM GMT-3","Doutorado","2018","Ciências Biológiccas","2006","UFPR","Bolsista de (algum outro) projeto","","","","2","CNPQ","Sim","Não","Não ","Não sabe ainda","7","Não","Masculino","1","Curitiba ou região metropolitana","Com os pais","Carro/moto próprio","B","172","73","Sim","Não","1977-08-18","Facebook"
"2018/03/20 10:44:51 AM GMT-3","Mestrado","2017","Ciências Biológiccas","2017","UFPR","Iniciação científica","","","","0","CAPES","Sim","Não","Programa R; Bioestat","Sim, certamente","8","Não","Masculino","1","Do interior do Paraná","Com amigos","A pé ou bicicleta","B","","","Não","Guitarra, violão","1995-03-28",""
"2018/03/20 10:46:59 AM GMT-3","Doutorado","2016","Ciências da Terra","2013","UFPR","Bolsista de (algum outro) projeto","2014","2016","UFPR","2","CAPES","Sim","Não","Sysgran (análise granulométrica)  ","Sim, certamente","10","Não","Feminino","2","Curitiba ou região metropolitana","Com o namorado(a)/noivo(a)/cônjuge","Transporte público","B","","","Sim","Violão, violino","1981-04-22","Facebook;Google+;Linkedin"
"2018/03/20 10:50:08 AM GMT-3","Mestrado","2017","Exatas","2019","UFPR","","","","","0","Não","Sim","Não","Não","Não sabe ainda","7","Sim","Feminino","0","Curitiba ou região metropolitana","Com o namorado(a)/noivo(a)/cônjuge","Carro/moto próprio","B","165","62","Sim","Não","1982-03-11","Facebook;Instagram"
"2018/03/20 10:52:51 AM GMT-3","Mestrado","2018","Tecnologia","2008","UFPR","","","","","0","Não","Sim","Não","Não ","Não sabe ainda","7","Não","Feminino","3","De outro Estado","Com o namorado(a)/noivo(a)/cônjuge","Carro/moto próprio","AB","167","67","Sim","Não","1988-05-11","Facebook;Instagram;Linkedin"
"2018/03/20 10:52:51 AM GMT-3","Doutorado","2017","Exatas","2015","UFPR","Iniciação científica;Bolsista de (algum outro) projeto","2015","2017","UFPR","1","CAPES","Sim","Não","Origin","Sim, certamente","8","Não","Feminino","1","Curitiba ou região metropolitana","Com o namorado(a)/noivo(a)/cônjuge","Carro/moto próprio","B","175","65","Não","Não","1994-02-11","Facebook;Instagram"
"2018/03/20 10:56:39 AM GMT-3","Doutorado","2017","Sociais Aplicadas","2020","UFPR","","2012","2014","utp","4","Não","Sim","Não","SPSS","Não sabe ainda","5","Sim","Masculino","3","De outro Estado","Com o namorado(a)/noivo(a)/cônjuge","Carro/moto próprio","A","","","Não","Não","",""
"2018/03/20 10:56:45 AM GMT-3","Mestrado","2018","Agrárias","2016","UNIPAR","","","","","0","Não","Não","Não","NÃO","Sim, certamente","10","Sim","Masculino","1","Do interior do Paraná","Com os pais","Carro/moto próprio","AB","170","80","Sim","Não","1994-01-06","Facebook;Twitter;Instagram"
"2018/03/20 11:04:38 AM GMT-3","Doutorado","2015","Tecnologia","2013","UTFPR","Iniciação científica;Bolsista de (algum outro) projeto","2014","2016","UTFPR","2","CAPES","Sim","Não","STATISTIC, BIOESTAT","Não sabe ainda","8","Não","Feminino","2","Do interior do Paraná","Com o namorado(a)/noivo(a)/cônjuge","Carro/moto próprio","AB","189","65","Não","Não","1987-03-29","Facebook"
"2018/03/20 11:04:44 AM GMT-3","Mestrado","2018","Agrárias","2016","Instituto Federal do Paraná - IFPR, Campus Palmas","Iniciação científica;Bolsista de (algum outro) projeto","","","","0","CAPES","Sim","","Assistat","Sim, certamente","10","Não","Masculino","6","De outro Estado","Com amigos","A pé ou bicicleta","AB","172","80","Não","Não","1989-02-23","Facebook;Instagram;Linkedin"
"2018/03/20 11:06:43 AM GMT-3","Doutorado","2017","Ciências da Terra","2003","FACULDADES ESEEI DO PARANÁ","","2005","2008","PUCPR - PONTIFÍCIA UNIVERSIDADE CATÓLICA DO PARANÁ","1","Não","Não","Sim","NÃO","Sim, certamente","9","Sim","Masculino","5","Curitiba ou região metropolitana","Com o namorado(a)/noivo(a)/cônjuge","Transporte público","B","174","95","Sim","Trompete e percussão","1969-11-09","Facebook;Twitter;Instagram;Linkedin"
"2018/03/20 11:10:19 AM GMT-3","Mestrado","2018","Agrárias","2016","UFPR","","","","","0","Não","Sim","Não","Não","Sim, certamente","10","Sim","Feminino","1","Curitiba ou região metropolitana","Com os pais","Transporte público","A","164","60","Não","Flauta transversal","1994-06-14","Facebook;Instagram;Linkedin"
"2018/03/20 11:12:10 AM GMT-3","Doutorado","1","Exatas","2008","UEMS","Iniciação científica","2009","2011","USP","14","Não","Não","Não","Não","Sim, certamente","10","Sim","Masculino","1","Do interior do Paraná","Sozinho","A pé ou bicicleta","AB","177","86","Não","Não","1987-12-12","Facebook"
"2018/03/20 11:13:11 AM GMT-3","Doutorado","2016","Tecnologia","2020","UFPR","","2014","2016","UFPR","0","CAPES","Sim","Sim","Statistics","Sim, certamente","10","Não","Feminino","3","Curitiba ou região metropolitana","Com o namorado(a)/noivo(a)/cônjuge","Transporte público","Não","155","50","Não","Não","1990-11-07","Facebook;Google+;Instagram;Linkedin"
"2018/03/20 11:13:17 AM GMT-3","Mestrado","2018","Artes, Comunicação e Design","2020","UFPR","","","","","1","CAPES","Sim","Não","Não","Sim, certamente","10","Sim","Feminino","0","Curitiba ou região metropolitana","Com o namorado(a)/noivo(a)/cônjuge","Carro/moto próprio","A","163","68","Sim","Não","1974-12-16","Facebook;Instagram;Linkedin;Outras"
"2018/03/20 11:14:23 AM GMT-3","Doutorado","2014","Ciências Biológiccas","2008","Faculdades Integradas do Vale do Iguaçu","","2010","2011","UEM - Maringá","5","CAPES","Sim","Sim","RStudio","Sim, certamente","9","Não","Feminino","3","Do interior do Paraná","Com o namorado(a)/noivo(a)/cônjuge","Carro/moto próprio","A","165","72","Sim","Não","1983-08-20","Facebook;Instagram"
"2018/03/20 11:22:38 AM GMT-3","Mestrado","2017","Ciências Biológiccas","2016","Universidade Estadual do Paraná - Campus Paranaguá","Bolsista de (algum outro) projeto","","","","0","CAPES","Sim","Não","Assistat","Sim, certamente","7","Não","Feminino","1","Do interior do Paraná","Com outros familiares","Transporte público","AB","159","62","Sim","Não","1995-02-10","Google+"
"2018/03/20 11:24:02 AM GMT-3","Mestrado","2017","Agrárias","2008","Unesp de Jaboticabal","Iniciação científica","","","","4","CAPES","Sim","Sim","SAS; Excel","Sim, certamente","10","Não","Masculino","1","De outro Estado","Sozinho","A pé ou bicicleta","AB","186","87","Sim","Não","1986-03-15","Facebook;Linkedin"
"2018/03/20 11:25:36 AM GMT-3","professora no PGGCP - UFPR","2013","Humanas","2009","UFPR","","2010","2012","UFPR","15","Não","Não","Sim","Stata","Sim, certamente","9","Sim","Feminino","2","De outro Estado","Sozinho","Carro/moto próprio","A","164","59","Sim","Não","2018-09-28","Facebook;Twitter"
"2018/03/20 11:28:22 AM GMT-3","Mestrado","2017","Agrárias","2016","FACC faculdade concórdia","Iniciação científica","","","","1","CAPES","Sim","Não","Asistat","Sim, certamente","10","Não","Masculino","1","De outro Estado","Com amigos","A pé ou bicicleta","AB","175","65","Sim","Não","2018-03-28","Facebook;Twitter;Instagram"
"2018/03/20 11:30:54 AM GMT-3","Mestrado","2018","Tecnologia","2020","UFPR","","","","","0","CAPES","Sim","Não","Não","Sim, certamente","7","Não","Feminino","1","Curitiba ou região metropolitana","Com os pais","Carro/moto próprio","B","157","50","Sim","Não","1994-01-02","Facebook"
"2018/03/20 11:31:26 AM GMT-3","Doutorado","2016","Agrárias","2013","UFPR","Iniciação científica","2014","2016","UFPR","2","CAPES","Sim","Sim","Assistat; R","Sim, certamente","10","Não","Feminino","0","Curitiba ou região metropolitana","Com o namorado(a)/noivo(a)/cônjuge","Carro/moto próprio","B","166","61","Sim","Não","1990-05-19","Facebook;Instagram;Linkedin"
"2018/03/20 11:32:08 AM GMT-3","Mestrado","2018","Exatas","1991","UFPR","","2016","2018","UFPR","3 ","Não","Sim","Não","Não","Sim, certamente","10","Não","Feminino","2","Curitiba ou região metropolitana","Com outros familiares","Transporte público","B","160","75","Não","Não","1969-10-09","Facebook;Twitter;Linkedin"
"2018/03/20 11:32:24 AM GMT-3","Doutorado","2018","Agrárias","2013","UFPR","PET","2014","2016","UFPR","2","Não","Sim","Sim","Sim. Programa R; Minitab; Biostat","Sim, certamente","10","Não","Feminino","1","Curitiba ou região metropolitana","Com os pais","Transporte público","AB","155","50","Não","Não","1991-11-26","Facebook;Linkedin"
"2018/03/20 11:32:28 AM GMT-3","Mestrado","2016","Exatas","2016","UFPR","Iniciação científica","","","UFPR","0","CAPES","Sim","Não","Nao","Sim, certamente","8","Não","Feminino","3","Curitiba ou região metropolitana","Com o namorado(a)/noivo(a)/cônjuge","Carro/moto próprio","B","175","90","Sim","Violao","1990-08-11","Facebook;Instagram"
"2018/03/20 11:36:26 AM GMT-3","Doutorado","2018","Agrárias","2016","UFMG","Iniciação científica","2016","2018","UFPR","3","Não","Sim","Sim","SAEG, Statistics","Sim, certamente","10","Não","Feminino","2","De outro Estado","Com amigos","Transporte público","AB","175","60","Sim","Não","1992-08-11","Facebook;Google+;Instagram;Linkedin"
"2018/03/20 11:38:52 AM GMT-3","Doutorado","2017","Ciências Biológiccas","2014","Uniandrade","","2015","2017","UFPR","0","CAPES","Sim","Não","GraphPad Prism","Sim, certamente","10","Não","Feminino","0","Curitiba ou região metropolitana","Com o namorado(a)/noivo(a)/cônjuge","Carro/moto próprio","AB","165","66","Sim","Não","1992-04-16","Facebook;Instagram;Linkedin"
"2018/03/20 11:38:59 AM GMT-3","Mestrado","2017","Saúde","2012","Ufrj","","","","","0","Não","Não","Não","Não ","Sim, certamente","10","Sim","Feminino","0","De outro Estado","Com o namorado(a)/noivo(a)/cônjuge","Carro/moto próprio","B","165","60","Sim","Não","1989-08-21","Facebook;Instagram"
"2018/03/20 11:39:52 AM GMT-3","Doutorado","2017","Ciências Biológiccas","2009","UNESPAR","Bolsista de (algum outro) projeto","2011","2013","UNICENTRO","2","CAPES","Sim","Sim","Sim, R","Sim, certamente","10","Sim","Feminino","2","Do interior do Paraná","Sozinho","UBER","AB","170","60","Não","Não","1988-10-22","Facebook"
"2018/03/20 11:46:17 AM GMT-3","Mestrado","2018","Exatas","2015","UTFPR","Iniciação científica","","","","0","Não","Sim","Não","Minitab","Não sabe ainda","5","Sim","Masculino","2","Curitiba ou região metropolitana","Com os pais","Transporte público","B","175","58","Não","Cravo","1982-05-13",""
"2018/03/20 11:52:16 AM GMT-3","Doutorado","2016","Ciências Biológiccas","2013","UFPR","Iniciação científica","2014","2016","UFPR","6","CNPQ","Sim","Não","Excel; graphpad Prisma; r","Sim, certamente","9","Não","Masculino","2","De outro Estado","Com o namorado(a)/noivo(a)/cônjuge","Transporte público","B","177","89","Não","Não","1989-08-06","Facebook;Instagram;Linkedin"
"2018/03/20 11:57:18 AM GMT-3","Doutorado","2016","Tecnologia","2008","UFPA","Iniciação científica;Bolsista de (algum outro) projeto","2009","2011","UTFPR","0","Não","Sim","Não","r; octave; weka","Sim, certamente","10","Sim","Masculino","4","De outro Estado","Sozinho","A pé ou bicicleta","A","169","80","Não","sim.","1986-06-17","Twitter;Outras"
"2018/03/20 11:59:46 AM GMT-3","Mestrado","2018","Saúde","2020","UFPR","","","","UFPR","0","Não","Não","Não","não","Sim, certamente","9","Sim","Feminino","0","Curitiba ou região metropolitana","Com o namorado(a)/noivo(a)/cônjuge","uber","Não","155","75","Sim","Não","2018-03-17","Twitter;Instagram"
"2018/03/20 12:01:40 PM GMT-3","Doutorado","2018","Exatas","2008","Unespar (ex FAFI-União da Vitória)","","2013","2015","FURB (Universidade Regional de Blumenau)","1","Não","Não","Não","Excel apenas","Sim, certamente","10","Não","Feminino","3","Do interior do Paraná","Com o namorado(a)/noivo(a)/cônjuge","Transporte público","AB","166","58","Sim","Não","1987-02-10","Facebook;Outras"
"2018/03/20 12:01:47 PM GMT-3","Mestrado","2018","Palotina","2016","UFPB","Iniciação científica;Bolsista de (algum outro) projeto","","","","0","CAPES","Sim","Não","Stata","Não sabe ainda","2","Não","Feminino","1","De outro Estado","Com o namorado(a)/noivo(a)/cônjuge","A pé ou bicicleta","A","164","61","Não","Não","1992-01-14","Facebook;Google+;Instagram;Linkedin;Outras"
"2018/03/20 12:13:21 PM GMT-3","Mestrado","2017","Ciências Biológiccas","2017","UFPR","Iniciação científica","","","","0","CAPES","Sim","Não","Sim. Usei BioEstat; Past; RStudio","Sim, certamente","9","Não","Feminino","1","Do interior do Paraná","Com amigos","A pé ou bicicleta","AB","159","75","Sim","Não","1995-04-07","Facebook;Instagram;Linkedin;Outras"
"2018/03/20 12:15:14 PM GMT-3","Doutorado","2018","Agrárias","2000","UNIVILLE - Universidade da Região de Joinville ","Iniciação científica","2014","2017","UFPR","2","Não","Sim","Sim","SPSS","Sim, certamente","9","Sim","Masculino","3","De outro Estado","Com o namorado(a)/noivo(a)/cônjuge","Carro/moto próprio","B","175","72","Sim","Baixo","1970-12-14",""
"2018/03/20 12:17:06 PM GMT-3","Doutorado","2017","Ciências Biológiccas","2013","UnB - Universidade de Brasília","Bolsista de (algum outro) projeto","2015","2017","UFPR","2","CAPES","Não","Sim","R","Sim, certamente","9","Não","Masculino","3","De outro Estado","Com amigos","Carona com amigos","AB","178","86","Sim","Não","1989-02-02","Facebook"
"2018/03/20 12:18:07 PM GMT-3","Mestrado","2018","Agrárias","2013","UEPG","Iniciação científica;Bolsista de (algum outro) projeto","","","","0","CAPES","Sim","","Sim, Biostat","Sim, certamente","10","Não","Feminino","2","Do interior do Paraná","Com o namorado(a)/noivo(a)/cônjuge","Transporte público","Não","165","61","Sim","Não","1990-02-03","Facebook;Instagram"
"2018/03/20 12:24:38 PM GMT-3","Doutorado","2017","Saúde","2014","Puc-PR","Bolsista de (algum outro) projeto","2015","2017","UFPR","0","Não","Sim","Sim","Prisma; SPSS","Sim, certamente","10","Sim","Masculino","3","Curitiba ou região metropolitana","Com o namorado(a)/noivo(a)/cônjuge","Carro/moto próprio","B","185","87","Sim","Violão","2018-03-20","Facebook"
"2018/03/20 12:25:10 PM GMT-3","Doutorado","2018","Ciências Biológiccas","2015","UFPR","Iniciação científica;Bolsista de (algum outro) projeto","2016","2018","UFPR","0","CAPES","Sim","Não","não","Sim, certamente","10","Não","Masculino","5","De outro Estado","Com o namorado(a)/noivo(a)/cônjuge","Transporte público","Não","186","85","Não","Não","1992-07-20","Facebook;Google+;Instagram;Linkedin;Outras"
"2018/03/20 12:26:03 PM GMT-3","Mestrado","2018","Sociais Aplicadas","2016","UFPR","Iniciação científica","","","","0","Não","Sim","Sim","R","Sim, certamente","8","Não","Masculino","2","Curitiba ou região metropolitana","Com os pais","Carro/moto próprio","B","180","67","Sim","Não","1996-02-19","Facebook;Twitter;Instagram;Linkedin"
"2018/03/20 12:26:49 PM GMT-3","Doutorado","2017","Agrárias","2011","UEM universidade estadual de Maringa","Iniciação científica;PET;Bolsista de (algum outro) projeto","2013","2015","UFPR","3","Não","Sim","Sim","SISVAR; SAS","Sim, certamente","10","Sim","Feminino","1","Do interior do Paraná","Com o namorado(a)/noivo(a)/cônjuge","Transporte público","B","154","48","Não","piano","1988-02-09","Facebook;Google+"
"2018/03/20 12:30:10 PM GMT-3","Mestrado","2017","Humanas","2016","UFPR","Bolsista de (algum outro) projeto","","","","1","CAPES","Sim","Sim","SPSS; Jamovi; R","Sim, certamente","10","Não","Feminino","1","De outro Estado","Sozinho","Transporte público","B","160","90","Não","Não","1993-01-10","Facebook;Twitter;Google+;Instagram;Linkedin"
"2018/03/20 12:37:14 PM GMT-3","Doutorado","2016","Ciências Biológiccas","2012","UFPR","Iniciação científica;Bolsista de (algum outro) projeto","2013","2015","UFPR","5","Não","Sim","Sim","SPSS","Sim, certamente","10","Não","Feminino","1","Curitiba ou região metropolitana","Com o namorado(a)/noivo(a)/cônjuge","Carro/moto próprio","B","172","59","Não","Não","1987-06-25","Facebook;Instagram"
"2018/03/20 12:39:26 PM GMT-3","Mestrado","2018","Palotina","2016","UFPR","Iniciação científica","","","","0","CAPES","Sim","Não","ANOVA","Não sabe ainda","7","Não","Feminino","1","Do interior do Paraná","Com amigos","Carro/moto próprio","AB","168","50","Sim","Violão","1995-12-05","Facebook"
"2018/03/20 12:40:13 PM GMT-3","Doutorado","2018","Humanas","2016","Universidade Estadual de Maringá","Iniciação científica;Bolsista de (algum outro) projeto","2016","2018","Universidade Estadual de Maringá","1 ","CAPES","Sim","Não","SPSS; R","Sim, certamente","9","Não","Feminino","1","Do interior do Paraná","Sozinho","A pé ou bicicleta","B","162","50","Não","Não","1991-12-22","Facebook;Instagram;Linkedin"
"2018/03/20 12:49:27 PM GMT-3","Doutorado","2017","Educação","2007","UEPG","","2014","2016","UFPR","1","CAPES","Não","Sim","Sim SPSS","Sim, certamente","10","Sim","Masculino","2","Do interior do Paraná","Com o namorado(a)/noivo(a)/cônjuge","Carro/moto próprio","Superior à B","185","135","Sim","Não","1984-01-15","Facebook;Linkedin"
"2018/03/20 12:53:59 PM GMT-3","Doutorado","2017","Ciências da Terra","2009","UNIVERSIDADE PEDAGOGICA DE MOÇAMBIQUE","Bolsista de (algum outro) projeto","2009","2011","UNVERSIDADE DE EVORA - PORTUGAL","1","CAPES","Sim","Não","SPSS","Sim, certamente","10","Não","Masculino","3","De outro Estado","Com outros familiares","A pé ou bicicleta","B","164","169","Não","Não","1987-07-27","Facebook;Outras"
"2018/03/20 12:54:05 PM GMT-3","Doutorado","2017","Ciências da Terra","2008","UFSC","","2010","2012","UDESC","0","CAPES","Não","Não","Não","Sim, certamente","9","Não","Feminino","3","De outro Estado","Sozinho","Carro/moto próprio","AB","170","68","Não","Não","1982-01-20","Facebook;Linkedin"
"2018/03/20 12:58:02 PM GMT-3","Doutorado","2017","Tecnologia","2013","PUCPR","","2014","2016","UFPR","0","CAPES","Sim","Sim","Statistic","Sim, certamente","8","Não","Feminino","1","Curitiba ou região metropolitana","Com os pais","Carona com amigos","Não","155","58","Sim","Violino","1991-06-15","Facebook;Twitter;Instagram;Linkedin"
"2018/03/20 12:59:12 PM GMT-3","Doutorado","2017","Exatas","2013","Fameta (Acre)","","2015","2017","UFPR","3","CAPES","Não","Não","R","Sim, certamente","9","Não","Masculino","5","De outro Estado","Com o namorado(a)/noivo(a)/cônjuge","Carro/moto próprio","AB","170","60","Não","Guitarra","1990-05-15","Facebook"
"2018/03/20 1:01:30 PM GMT-3","Mestrado","2018","Ciências da Terra","2017","UFPR","Iniciação científica","","","","1","CAPES","Sim","Não","Não","Não sabe ainda","6","Não","Masculino","2","De outro Estado","Com amigos","Intercampi","B","176","76","Não","Não","1995-07-24","Facebook;Twitter;Instagram;Linkedin"
"2018/03/20 1:06:52 PM GMT-3","Mestrado","2018","Palotina","2017","UEM","Iniciação científica;Bolsista de (algum outro) projeto","","","","1","Não","Sim","Não","Excel, HP 50G","Não sabe ainda","7","Sim","Masculino","2","Do interior do Paraná","Com o namorado(a)/noivo(a)/cônjuge","Carro/moto próprio","AB","180","112","Sim","Não","1993-09-14","Facebook"
"2018/03/20 1:08:57 PM GMT-3","Mestrado","2017","Saúde","2009","UFPR","","2015","2017","UFPR","7","Não","Sim","Não","Não ","Sim, certamente","10","Sim","Masculino","2","De outro Estado","Com o namorado(a)/noivo(a)/cônjuge","Carro/moto próprio","B","174","98","Não","Não","1982-05-25","Facebook;Instagram"
"2018/03/20 1:11:35 PM GMT-3","Mestrado","2016","Tecnologia","2013","CESUFOZ","","","","","0","CAPES","Sim","Não","R","Sim, certamente","10","Não","Masculino","8","De outro Estado","Sozinho","A pé ou bicicleta","B","181","79","Não","Violão; Guitarra; Baixo;","1991-06-20","Facebook;Twitter;Google+;Instagram;Linkedin"
"2018/03/20 1:12:21 PM GMT-3","Doutorado","2017","Ciências Biológiccas","2010","CESCAGE","","2011","2014","USP","2","CNPQ","Não","Não","NÃO","Sim, certamente","10","Não","Feminino","1","Do interior do Paraná","Com outros familiares","Transporte público","B","","80","Sim","Não","1987-09-14","Facebook"
"2018/03/20 1:27:34 PM GMT-3","Doutorado","2015","Ciências Biológiccas","2005","UNAP ","Iniciação científica","2010","2012","INPA","1","CAPES","Sim","Sim","SPSS, BioStat, R","Sim, certamente","8","Não","Feminino","2","De outro Estado","Com o namorado(a)/noivo(a)/cônjuge","Transporte público","Não","155","53","Não","Não","1985-03-05","Facebook;Google+"
"2018/03/20 1:29:56 PM GMT-3","Mestrado","2018","Palotina","2015","Universidade Estadual de Maringá - UEM","","","","","0","CAPES","Sim","","0","Sim, certamente","10","Não","Masculino","1","Do interior do Paraná","Com o namorado(a)/noivo(a)/cônjuge","Carro/moto próprio","AB","170","57","Sim","Não","1987-11-03","Facebook;Instagram;Linkedin"
"2018/03/20 1:30:53 PM GMT-3","Doutorado","2017","Educação","2000","FAFI/UNESPAR Campus de União da Vitória","","2009","2011","UFPR","3","Não","Sim","Sim","Não me recordo.","Não sabe ainda","7","Sim","Feminino","2","Do interior do Paraná","Com outros familiares","Ônibus da linha: União da Vitória à Curitiba + transporte público.","B","165","56","Sim","Não","1976-10-12","Facebook;Instagram;Linkedin"
"2018/03/20 1:35:01 PM GMT-3","Mestrado","2017","Humanas","2013","Universidade Positivo","Iniciação científica","","","","0","Não","Não","Não","R.","Sim, certamente","8","Sim","Masculino","1","Curitiba ou região metropolitana","Com o namorado(a)/noivo(a)/cônjuge","Transporte público","B","174","115","Sim","Violão, Cavaco, Ukulele, Guitarra, Escaleta, Pandeiro, Baixo, Bateria","1988-08-21","Facebook"
"2018/03/20 1:37:55 PM GMT-3","Doutorado","2015","Agrárias","2011","Universidade Estadual de Maringá (UEM)","Iniciação científica","2013","2015","Universidade Estadual de Maringá (UEM)","3","CAPES","Não","Sim","Statistics; jump","Sim, certamente","10","Não","Feminino","5","Do interior do Paraná","Com amigos","Transporte público","A","167","72","Não","Não","1986-03-18","Facebook;Google+;Instagram"
"2018/03/20 1:38:33 PM GMT-3","Doutorado","2017","Agrárias","2014","UTFPR","Iniciação científica;Bolsista de (algum outro) projeto","2015","2017","UFPR","7","CAPES","Sim","Sim","Assistat","Sim, certamente","10","Não","Feminino","10","De outro Estado","Sozinho","INTERCAMPI","B","158","64","Sim","Não","1991-08-18","Facebook;Instagram"
"2018/03/20 1:40:21 PM GMT-3","Doutorado","2016","Sociais Aplicadas","2010","UFPR","Bolsista de (algum outro) projeto","2011","2013","UFPR","5","CAPES","Sim","Sim","SPSS; R; Gretl; STATA","Sim, certamente","7","Sim","Masculino","2","Curitiba ou região metropolitana","Com o namorado(a)/noivo(a)/cônjuge","Carro/moto próprio","B","163","71","Sim","Não","1986-11-11","Facebook;Google+"
"2018/03/20 1:45:53 PM GMT-3","Doutorado","2017","Jurídicas","2004","UNIVERSIDADE ESTADUAL DE PONTA GROSSA","","2006","2008","UFPR","2","Não","Não","Não","Não","Não sabe ainda","8","Sim","Feminino","2","Do interior do Paraná","Com o namorado(a)/noivo(a)/cônjuge","Carona com amigos","A","163","55","Não","Não","1981-05-13","Facebook;Twitter;Instagram"
"2018/03/20 1:48:11 PM GMT-3","Doutorado","2017","Ciências da Terra","2007","UFSM","Iniciação científica","2007","2009","UFSM","12","Não","Sim","Sim","Matlab","Sim, certamente","9","Sim","Masculino","1","Do interior do Paraná","Sozinho","Ônibus intermunicipal","AB","172","86","Não","Não","1984-03-28","Facebook;Twitter"
"2018/03/20 1:55:33 PM GMT-3","Mestrado","2018","Sociais Aplicadas","2015","UNINTER","","","","UFPR","0","Não","Não","Não","Não","Não sabe ainda","8","Sim","Masculino","5","Curitiba ou região metropolitana","Com outros familiares","Carro/moto próprio","AB","180","90","Não","Não","1978-07-29","Facebook;Google+;Linkedin"
"2018/03/20 1:59:47 PM GMT-3","Mestrado","2017","Ciências Biológiccas","2019","UFPR","Iniciação científica","","","","0","CAPES","Sim","Não","Não","Sim, certamente","10","Não","Feminino","0","Do interior do Paraná","Sozinho","Transporte público","Não","158","56","Não","Não","1991-07-03","Facebook;Instagram"
"2018/03/20 2:01:23 PM GMT-3","Doutorado","2018","Ciências da Terra","2015","UFPR","Iniciação científica;Bolsista de (algum outro) projeto","2016","2018","UFPR","0","CAPES","Sim","Não","R","Não sabe ainda","7","Não","Masculino","2","De outro Estado","Com amigos","Transporte público","Não","177","55","Não","Teclado","1992-08-14","Twitter;Instagram;Outras"
"2018/03/20 2:10:24 PM GMT-3","Doutorado","2018","Exatas","2010","UTFPR","Iniciação científica","2013","2015","UEPG","1","Não","Sim","Não","R","Sim, certamente","8","Sim","Masculino","1","Do interior do Paraná","Com o namorado(a)/noivo(a)/cônjuge","Carro/moto próprio","B","172","110","Sim","Não","1988-01-20","Google+;Linkedin"
"2018/03/20 2:12:30 PM GMT-3","Pos-Doutorado","2018","Agrárias","1918","PUC-PR","","1984","1988","UFPR","60","CNPQ","Sim","Sim","Statgraphics","Sim, certamente","10","Sim","Feminino","3","Curitiba ou região metropolitana","Com o namorado(a)/noivo(a)/cônjuge","Carro/moto próprio","B","160","59","Sim","Não","1956-04-16","Facebook;Instagram"
"2018/03/20 2:17:02 PM GMT-3","Doutorado","2016","Artes, Comunicação e Design","2005","UDESC","Iniciação científica","2014","2016","UFPR","0","Não","Não","Não","Nao","Sim, certamente","8","Não","Feminino","2","De outro Estado","Com o namorado(a)/noivo(a)/cônjuge","Transporte público","A","153","47","Sim","Piano","1982-04-17","Facebook"
"2018/03/20 2:18:20 PM GMT-3","Doutorado","2018","Tecnologia","2014","Universidade Tecnológica Federal do Paraná","Iniciação científica","2016","2018","UFPR","0","CAPES","Sim","Não","Não","Não sabe ainda","8","Não","Feminino","1","Do interior do Paraná","Com amigos","Carro/moto próprio","AB","158","55","Sim","Violão","1990-12-07","Facebook;Instagram;Linkedin"
"2018/03/20 2:25:25 PM GMT-3","Mestrado","2018","Sociais Aplicadas","2007","UFMG","","","","","0","Não","Sim","Não","0","Não sabe ainda","6","Sim","Masculino","0","De outro Estado","Com o namorado(a)/noivo(a)/cônjuge","Carro/moto próprio","AB","164","78","Sim","Não","1976-12-12","Facebook"
"2018/03/20 2:33:34 PM GMT-3","Doutorado","2017","Tecnologia","2021","UFPR","Bolsista de (algum outro) projeto","2015","2017","UFPR","0","Projeto","Sim","Sim","statistica e minitab","Sim, certamente","6","Sim","Feminino","2","Curitiba ou região metropolitana","Com o namorado(a)/noivo(a)/cônjuge","Transporte público","Não","160","81","Não","Não","1992-12-13",""
"2018/03/20 2:34:34 PM GMT-3","Doutorado","2016","Saúde","2014","UFSM","Iniciação científica","2014","2016","UFRGS","8","CAPES","Sim","Não","GraphPrisma","Sim, certamente","10","Não","Feminino","1","De outro Estado","Com os pais","Carro/moto próprio","AB","162","64","Sim","Não","1989-02-14","Facebook;Instagram"
"2018/03/20 2:45:32 PM GMT-3","Doutorado","2017","Exatas","2021","UFPR","Iniciação científica;PET;Bolsista de (algum outro) projeto","2015","2016","UFPR","8","CAPES","Sim","Não","SPSS; EpiInfo.","Sim, certamente","10","Não","Feminino","1","Do interior do Paraná","Com o namorado(a)/noivo(a)/cônjuge","Carro/moto próprio","B","160","66","Sim","Violão","1988-05-09","Facebook;Instagram"
"2018/03/20 2:48:49 PM GMT-3","Doutorado","2017","Saúde","2009","UEL","Iniciação científica;PET;Bolsista de (algum outro) projeto","2015","2016","UFPR","7","CAPES","Não","Sim","SPSS","Sim, certamente","10","Não","Masculino","1","Do interior do Paraná","Com o namorado(a)/noivo(a)/cônjuge","Carro/moto próprio","B","160","66","Sim","violão","1988-05-09","Facebook;Google+;Instagram"
"2018/03/20 2:50:05 PM GMT-3","Doutorado","2017","Ciências Biológiccas","2010","UFPR","Iniciação científica;Bolsista de (algum outro) projeto","2011","2013","UFPR","3","CAPES","Não","Não","Statistic","Sim, certamente","10","Não","Feminino","2","Do interior do Paraná","Com outros familiares","Carro/moto próprio","A","158","52","Não","Não","1988-08-18","Facebook;Instagram;Linkedin"
"2018/03/20 3:23:34 PM GMT-3","Mestrado","2017","Agrárias","2007","UFPR","Iniciação científica;Bolsista de (algum outro) projeto","2008","2010","UFPR","3","Não","Sim","Sim","Prisma; SAS","Sim, certamente","10","Sim","Feminino","1","Do interior do Paraná","Com o namorado(a)/noivo(a)/cônjuge","Carro/moto próprio","B","162","80","Sim","violão","1981-10-17","Facebook"
"2018/03/20 3:28:27 PM GMT-3","Doutorado concluido 2009","0000","Ciências Biológiccas","2002","UFPR","Iniciação científica;Bolsista de (algum outro) projeto","","","UFPR","41","Produtividade 2","Sim","Sim","Prism; Graphpad.","Sim, certamente","10","Sim","Feminino","2","Curitiba ou região metropolitana","Com outros familiares","Carro/moto próprio","B","180","75","Sim","Não","1980-10-13","Facebook;Twitter;Instagram;Linkedin"
"2018/03/20 3:32:15 PM GMT-3","Mestrado","2018","Ciências Biológiccas","2016","Universidade Positivo","Iniciação científica","","","UFPR","0","CAPES","Sim","Não","Não","Sim, certamente","10","Não","Feminino","1","Curitiba ou região metropolitana","Com os pais","Transporte público","B","162","71","Sim","violão, piano","1994-04-26","Facebook;Instagram;Linkedin"
"2018/03/20 3:34:21 PM GMT-3","Mestrado","2017","Ciências Biológiccas","2015","Centro de Ensino Superior dos Campos Gerais (CESCAGE)/Universidade Estadual de Ponta Grossa (UEPG)","","","","","1","CNPQ","Sim","Não","Não","Sim, certamente","10","Sim","Feminino","1","Do interior do Paraná","Com os pais","Carro/moto próprio","B","165","65","Sim","Não","1982-06-30","Facebook"
"2018/03/20 3:51:45 PM GMT-3","Doutorado","2017","Artes, Comunicação e Design","1993","UFPR","","2007","2009","UFPR","01","CAPES","Sim","Sim","Excel","Sim, certamente","8","Não","Feminino","2","Curitiba ou região metropolitana","Sozinho","Transporte público","B","170","70","Sim","Não","1969-11-28","Facebook;Instagram;Linkedin"
"2018/03/20 4:02:46 PM GMT-3","Mestrado","2017","Humanas","2006","Unesp/FCLar","PET","2007","2009","PPGSA/IFCS/UFRJ","0","Não","Sim","Não","Exel","Sim, certamente","8","Não","Masculino","2","De outro Estado","Com o namorado(a)/noivo(a)/cônjuge","Ônibus intermunicipal","AB","174","72","Sim","violão simples","1980-07-09","Twitter;Google+;Instagram;Linkedin;Outras"
"2018/03/20 4:06:58 PM GMT-3","Mestrado","2017","Exatas","2006","UTFPR","","","","","0","Não","Sim","Não","NÃO","Sim, certamente","10","Sim","Masculino","1","Curitiba ou região metropolitana","Com o namorado(a)/noivo(a)/cônjuge","Carro/moto próprio","AB","175","90","Não","Não","1978-10-03",""
"2018/03/20 4:08:16 PM GMT-3","Mestrado","2018","Exatas","2017","UTFPR","Iniciação científica","","","","1","Não","Sim","Não","Origin","Sim, certamente","9","Não","Masculino","1","Curitiba ou região metropolitana","Com os pais","Transporte público","A","171","74","Não","Não","1993-08-23","Facebook;Twitter"
"2018/03/20 4:13:30 PM GMT-3","Mestrado","2016","Exatas","2018","UFPR","","","","","0","Não","Sim","Não","R; python; ","Não sabe ainda","7","Sim","Masculino","1","Do interior do Paraná","Com o namorado(a)/noivo(a)/cônjuge","não vou pra universidade, estou remoto.","Superior à B","175","81","Sim","guitarra/violão","1980-01-29","Twitter;Google+"
"2018/03/20 4:16:43 PM GMT-3","Mestrado","2017","Educação","2016","UFPR","Iniciação científica;Bolsista de (algum outro) projeto","","","","0","Não","Não","Não","Não","Não sabe ainda","5","Sim","Feminino","2","Curitiba ou região metropolitana","Com os pais","Carro/moto próprio","B","157","60","Sim","Não","1983-07-19","Facebook;Twitter;Instagram"
"2018/03/20 4:16:46 PM GMT-3","Mestrado","2017","Ciências da Terra","2002","PUC PR","Iniciação científica;PET","","","","11","Não","Sim","Sim","Stata, Excel, Geoda, SPSS","Sim, certamente","10","Sim","Masculino","1","Curitiba ou região metropolitana","Sozinho","Carro/moto próprio","AB","173","101","Sim","Não","1977-09-11","Facebook;Twitter;Instagram;Linkedin"
"2018/03/20 4:19:15 PM GMT-3","Professor","2018","Tecnologia","1998","Unicamp","Iniciação científica;Bolsista de (algum outro) projeto","1999","2002","UNICAMP","5","Não","Sim","Não","R, minitab, SPSS","Sim, certamente","8","Sim","Masculino","0","De outro Estado","Com outros familiares","Carro/moto próprio","AB","178","90","Sim","Não","","Facebook;Google+"
"2018/03/20 4:23:04 PM GMT-3","Mestrado","2017","Exatas","2016","Universidade de Cruz Alta","Iniciação científica;Bolsista de (algum outro) projeto","","","","0","CAPES","Sim","Não","Não","Não sabe ainda","5","Não","Masculino","1","De outro Estado","Sozinho","A pé ou bicicleta","Não","172","62","Não","Não","1995-05-15","Facebook;Instagram"
"2018/03/20 4:44:10 PM GMT-3","Mestrado","2017","Agrárias","2016","UFPR","Iniciação científica","","","","0","CAPES","Sim","Não","Sim, R studio","Sim, certamente","8","Não","Feminino","1","Curitiba ou região metropolitana","Com os pais","Carro/moto próprio","A","162","48","Sim","Não","1994-09-28","Facebook;Google+;Instagram"
"2018/03/20 4:46:55 PM GMT-3","Mestrado","2018","Palotina","2020","UFPR","","","","","0","Não","Sim","Não","Minitab","Sim, certamente","9","Não","Masculino","1","Do interior do Paraná","Com os pais","Carro/moto próprio","AB","189","95","Não","Não","1990-01-25","Facebook;Instagram;Linkedin"
"2018/03/20 4:47:26 PM GMT-3","Mestrado","2017","Exatas","2017","UTFPR - Campus Cornélio Procópio","Iniciação científica","","","","0","CNPQ","Sim","Não","não","Não sabe ainda","7","Não","Feminino","2","De outro Estado","Com amigos","Transporte público","AB","165","55","Não","Não","1993-11-16","Facebook;Instagram;Linkedin"
"2018/03/20 4:57:29 PM GMT-3","Mestrado","2017","Ciências Biológiccas","2017","PUC","Iniciação científica;Bolsista de (algum outro) projeto","","","","1","CNPQ","Não","Sim","Spss","Sim, certamente","7","Não","Feminino","1","Curitiba ou região metropolitana","Com os pais","Transporte público","Não","152","48","Sim","Não","1992-12-14","Facebook;Instagram"
"2018/03/20 5:14:53 PM GMT-3","Mestrado","2017","Agrárias","2019","Universidad Nacional Autónoma de Honduras","Bolsista de (algum outro) projeto","","","","0","OEA","Sim","Sim","Assistat","Sim, certamente","10","Não","Masculino","3","De outro Estado","Sozinho","Intercampi","AB","180","74","Não","Não","1990-11-12","Facebook;Instagram;Linkedin"
"2018/03/20 5:20:46 PM GMT-3","Doutorado","2018","Agrárias","2016","UFSM","Iniciação científica;Bolsista de (algum outro) projeto","2016","2018","UFPR","9","CAPES","Sim","Sim","R;SAS;Assistat","Sim, certamente","9","Não","Feminino","1","De outro Estado","Com o namorado(a)/noivo(a)/cônjuge","A pé ou bicicleta","AB","165","53","Sim","Não","1993-06-26","Facebook;Instagram"
"2018/03/20 5:32:37 PM GMT-3","Mestrado","2017","Litoral","2015","Unifesp","Iniciação científica","","","","0","CAPES","Sim","Sim","Sim. O R","Sim, certamente","8","Não","Feminino","3","De outro Estado","Com amigos","A pé ou bicicleta","Não","167","71","Sim","Não","1994-01-21","Facebook;Instagram;Linkedin"
"2018/03/20 5:32:50 PM GMT-3","Mestrado","2018","Ciências da Terra","2017","UFPR","","","","","0","Não","Sim","Não","Não","Não sabe ainda","7","Sim","Masculino","2","Curitiba ou região metropolitana","Com os pais","Transporte público","Não","176","64","Sim","Não","1995-12-14","Facebook;Linkedin"
"2018/03/20 5:41:50 PM GMT-3","Mestrado","2017","Exatas","2017","Universidade Federal do Maranhão","Iniciação científica","","","","0","CAPES","Sim","Não","Não utilizei ","Sim, certamente","8","Não","Feminino","2","De outro Estado","Com amigos","A pé ou bicicleta","AB","164","63","Não","Não","1995-05-03","Facebook;Instagram"
"2018/03/20 5:55:10 PM GMT-3","Mestrado","2017","Exatas","2013","UFPR","","2014","2016","UFPR","0","CAPES","Sim","Sim","Nao","Sim, certamente","8","Não","Feminino","1","Curitiba ou região metropolitana","Com o namorado(a)/noivo(a)/cônjuge","Carro/moto próprio","B","159","74","Sim","Não","1990-11-06","Facebook;Instagram"
"2018/03/20 5:59:52 PM GMT-3","Mestrado","2018","Saúde","1997","Universidade Federal de Santa Catarina - UFSC","Iniciação científica","","","","01","Não","Não","Não","Não","Sim, certamente","8","Não","Feminino","2","De outro Estado","Com o namorado(a)/noivo(a)/cônjuge","Transporte público","Não","160","78","Não","Não","2018-02-05","Facebook;Instagram"
"2018/03/20 6:23:02 PM GMT-3","Doutorado","2018","Agrárias","2015","UFPR","Iniciação científica","2015","2017","UFPR","0","Não","Sim","Não","Assistat","Sim, certamente","9","Não","Feminino","2","De outro Estado","Com os pais","Carro/moto próprio","AB","184","68","Sim","Não","1991-06-23","Facebook;Instagram"
"2018/03/20 6:35:05 PM GMT-3","Mestrado","2018","Sociais Aplicadas","2017","UFRGS","Iniciação científica;Bolsista de (algum outro) projeto","","","","0","CAPES","Sim","Não","GRETL","Sim, certamente","10","Não","Masculino","1","De outro Estado","Sozinho","A pé ou bicicleta","A","177","109","Sim","Não","1994-10-31","Facebook;Instagram"
"2018/03/20 7:05:56 PM GMT-3","Mestrado","2018","Palotina","2002","UNIPAR","","","","","0","Não","Sim","","NÀO","Sim, certamente","10","Sim","Masculino","2","Do interior do Paraná","Com o namorado(a)/noivo(a)/cônjuge","Carro/moto próprio","B","186","130","Sim","Não","1977-09-20","Facebook;Instagram;Linkedin"
"2018/03/20 7:06:35 PM GMT-3","Mestrado","2017","Ciências Biológiccas","2019","UFPR","Bolsista de (algum outro) projeto","","","","0","CAPES","Sim","Não","Sim. ASSISTAT; Primer 5","Sim, certamente","10","Não","Feminino","1","Do interior do Paraná","Sozinho","A pé ou bicicleta","Não","165","60","Não","Não","1989-11-13","Facebook"